Target,Model,R2_mean,R2_std,MAE_mean,RMSE_mean
log10_CO2_TSA_regen_heat,SVR,0.33294653449346157,0.10823653542555738,0.18747490458797106,0.2618183424474138
log10_CO2_TSA_regen_heat,RandomForest,0.49353941355809805,0.16095533718854677,0.1471954907519551,0.2282424857167697
log10_CO2_TSA_regen_heat,ExtraTrees,0.5277316402561649,0.1571286806762559,0.13706200871825885,0.22033288321265115
log10_CO2_TSA_regen_heat,XGBoost,0.47859682921561086,0.16700064881122637,0.1460137016278303,0.23093308549684094
log10_CO2_TSA_regen_heat,Ridge,0.25277966058669726,0.1811220549268471,0.19973485723525664,0.2761265582086566
CO2_Qst_CC_mean,SVR,0.5176637026473354,0.10580848898047958,1.8494842384004202,2.7754414012717707
CO2_Qst_CC_mean,RandomForest,0.661017826143885,0.13532553636416195,1.595844216624149,2.2909844224248377
CO2_Qst_CC_mean,ExtraTrees,0.6927587731661872,0.14165847847567686,1.436687129039116,2.1671755927654948
CO2_Qst_CC_mean,XGBoost,0.6714414047736778,0.1408270555975469,1.556663405984113,2.247330554555014
CO2_Qst_CC_mean,Ridge,0.5139821859310015,0.20383268564124082,2.0502757432279237,2.726449475068845
CO2_Qst_CC_1bar,SVR,0.5524872821943477,0.08353614061801035,1.6154764084875513,2.4636297845854993
CO2_Qst_CC_1bar,RandomForest,0.686308252082817,0.13586372440610503,1.3675598533163273,2.011180542992453
CO2_Qst_CC_1bar,ExtraTrees,0.7098585394300335,0.13570473503605696,1.250166550170068,1.926702460530628
CO2_Qst_CC_1bar,XGBoost,0.696325258847929,0.1510134192792097,1.3290372801300623,1.9626457988697474
CO2_Qst_CC_1bar,Ridge,0.5350980519246726,0.20597742556145435,1.8023385844939372,2.424779284475433
log10_CO2N2_actual_selectivity,SVR,0.4950011006736699,0.08312888963146468,0.11182684725888489,0.14600337926938267
log10_CO2N2_actual_selectivity,RandomForest,0.6932341360581407,0.12896170869247184,0.07712895281422942,0.11129457159078615
log10_CO2N2_actual_selectivity,ExtraTrees,0.7160341613513589,0.1311411213625064,0.06972240284702538,0.10648774588663609
log10_CO2N2_actual_selectivity,XGBoost,0.6951653144928842,0.1471088608795056,0.0741505857964104,0.1100751010073728
log10_CO2N2_actual_selectivity,Ridge,0.5560891357213457,0.17065156505894152,0.10000387723523196,0.1334774961752882
log10_CO2N2_Henry_selectivity,SVR,0.3097252031878407,0.23791978231621513,0.15034548889563168,0.23171956411802525
log10_CO2N2_Henry_selectivity,RandomForest,0.5276924397603185,0.1521153838640701,0.11396712663828627,0.1907750429189483
log10_CO2N2_Henry_selectivity,ExtraTrees,0.5214312257372484,0.22933753775859125,0.1096518149201319,0.1900249395201895
log10_CO2N2_Henry_selectivity,XGBoost,0.5334287978468366,0.14089934482899275,0.11429307815565404,0.18902649608412328
log10_CO2N2_Henry_selectivity,Ridge,0.3285851883208715,0.2559141706002612,0.1521706195540349,0.2253950171297329
log10_PE_VSA_parasitic_energy,SVR,-0.7131811479447807,0.31295005011709714,0.0682822728275122,0.07529294447863487
log10_PE_VSA_parasitic_energy,RandomForest,0.6754466453201452,0.18464508185949646,0.019619786644092203,0.031889556093202404
log10_PE_VSA_parasitic_energy,ExtraTrees,0.6744223194149739,0.1790143094028654,0.018795281146101066,0.0319004543758617
log10_PE_VSA_parasitic_energy,XGBoost,0.6526656116829352,0.17717727140950748,0.0202159228126631,0.03322856031368555
log10_PE_VSA_parasitic_energy,Ridge,0.6176257978632574,0.1849712777558153,0.023618039148586425,0.03440254100697228
N2_Qst_Widom,SVR,0.43514605088387404,0.18419852378381293,1.3427107204886881,2.258212595320301
N2_Qst_Widom,RandomForest,0.5342065379177341,0.21832586436256612,1.175362500831389,2.0178879607386007
N2_Qst_Widom,ExtraTrees,0.5393248025524655,0.23471653379305055,1.1192764459833602,2.00074607768577
N2_Qst_Widom,XGBoost,0.48151984640578427,0.2213929492046722,1.2399001665880631,2.135088980873635
N2_Qst_Widom,Ridge,0.3194074580846379,0.28900196622251284,1.526141398761603,2.445734064123798
N2_Qst_GCMC_flue_mean,SVR,0.5832112031288713,0.09829306008782226,1.1657123482950502,1.799998133364295
N2_Qst_GCMC_flue_mean,RandomForest,0.7388275875133358,0.12191780201537004,0.9424884674744906,1.394651163499811
N2_Qst_GCMC_flue_mean,ExtraTrees,0.7581928931057046,0.119771122622934,0.8645716607142864,1.335317480830639
N2_Qst_GCMC_flue_mean,XGBoost,0.7419921523971477,0.13797637419790493,0.9404633582436309,1.3743227621875345
N2_Qst_GCMC_flue_mean,Ridge,0.569248124110341,0.19469589759384834,1.3014765854731585,1.7850737469447822
N2_ads_0.75bar,SVR,0.20299561124191579,0.1335363864074376,0.07813767630741283,0.10238073136465702
N2_ads_0.75bar,RandomForest,0.4822690370883775,0.14826000626469651,0.056683521789965975,0.08199974279760745
N2_ads_0.75bar,ExtraTrees,0.45336565024597153,0.2044166376527217,0.05477668426870751,0.08429170199587739
N2_ads_0.75bar,XGBoost,0.47301840844510723,0.1435634972010365,0.057609192553983155,0.08245775460359452
N2_ads_0.75bar,Ridge,-0.13557115266209963,0.3252919974771976,0.08623586484196431,0.12082312088250968
Qst_diff_CO2_N2,SVR,0.22447834644413475,0.14966266126422317,1.3949132991141702,2.2465906451736006
Qst_diff_CO2_N2,RandomForest,0.34818756443211063,0.1850377246662561,1.246205140518707,2.0463333956155463
Qst_diff_CO2_N2,ExtraTrees,0.2767576260028234,0.30217657756287863,1.2464650176445577,2.1520724912109332
Qst_diff_CO2_N2,XGBoost,0.33988714251570407,0.21331093017388789,1.2346065192013371,2.0384349861234794
Qst_diff_CO2_N2,Ridge,0.05733319640034823,0.23024552701829998,1.6439816994794423,2.468043171130119
