Target,Feature,spearman_r,beta_std,note
log10_CO2_TSA_regen_heat,LCD_A,0.5196140002259424,-0.7218684354023385,方向反转(单变量r vs 净效应β)
log10_CO2_TSA_regen_heat,pore_vol_cm3_g,-0.32540969675016834,0.17380010690105324,方向反转(单变量r vs 净效应β)
log10_CO2_TSA_regen_heat,ASA_m2_g,0.28204120500296026,-0.19456323134405404,方向反转(单变量r vs 净效应β)
log10_CO2_TSA_regen_heat,NASA_m2_cm3,-0.1395485895401097,0.5004094418884677,方向反转(单变量r vs 净效应β)
log10_CO2_TSA_regen_heat,density_g_cm3,-0.32540969675016834,0.17380010690105246,方向反转(单变量r vs 净效应β)
log10_CO2_TSA_regen_heat,N_mass_frac,0.148504637835573,-0.1439753154391724,方向反转(单变量r vs 净效应β)
log10_CO2_TSA_regen_heat,ligand_n_heavy,-0.11272817017701867,1.2244765705490646,方向反转(单变量r vs 净效应β)
CO2_Qst_CC_mean,LCD_A,-0.5476622296826399,0.33494921258455024,方向反转(单变量r vs 净效应β)
CO2_Qst_CC_mean,LCD_PLD_ratio,-0.13159161022169247,0.15375755082180495,方向反转(单变量r vs 净效应β)
CO2_Qst_CC_mean,ASA_m2_cm3,-0.373538932273897,0.28046679897005033,方向反转(单变量r vs 净效应β)
CO2_Qst_CC_mean,NASA_m2_cm3,0.20270126295482488,-0.46589451562900114,方向反转(单变量r vs 净效应β)
CO2_Qst_CC_mean,O_coord_ratio,-0.13733676972130116,0.21473344207785922,方向反转(单变量r vs 净效应β)
CO2_Qst_CC_1bar,LCD_A,-0.6091702497635363,0.4752731120313071,方向反转(单变量r vs 净效应β)
CO2_Qst_CC_1bar,ASA_m2_cm3,-0.38745193280712403,0.2763326840824349,方向反转(单变量r vs 净效应β)
CO2_Qst_CC_1bar,NASA_m2_cm3,0.17090590071508874,-0.4963495558336767,方向反转(单变量r vs 净效应β)
CO2_Qst_CC_1bar,O_coord_ratio,-0.13288257337894258,0.18196521977281355,方向反转(单变量r vs 净效应β)
log10_CO2N2_actual_selectivity,LCD_A,-0.6444249305407193,0.47116128569063864,方向反转(单变量r vs 净效应β)
log10_CO2N2_actual_selectivity,ASA_m2_cm3,-0.3355781602497951,0.3094060087068493,方向反转(单变量r vs 净效应β)
log10_CO2N2_actual_selectivity,NASA_m2_cm3,0.15502196778287433,-0.3535778711503307,方向反转(单变量r vs 净效应β)
log10_CO2N2_Henry_selectivity,LCD_A,-0.5132209046338633,0.13974248784925852,方向反转(单变量r vs 净效应β)
log10_CO2N2_Henry_selectivity,LCD_PLD_ratio,-0.1012692630178969,0.16918739082539846,方向反转(单变量r vs 净效应β)
log10_CO2N2_Henry_selectivity,ASA_m2_cm3,-0.3231775770417456,0.28951005137882574,方向反转(单变量r vs 净效应β)
log10_CO2N2_Henry_selectivity,NASA_m2_cm3,0.21254459311285837,-0.4032338710583092,方向反转(单变量r vs 净效应β)
log10_CO2N2_Henry_selectivity,O_coord_ratio,-0.12954997650796918,0.2565281899458752,方向反转(单变量r vs 净效应β)
log10_PE_VSA_parasitic_energy,LCD_A,0.7106915199665773,-0.7126651464544492,方向反转(单变量r vs 净效应β)
log10_PE_VSA_parasitic_energy,ASA_m2_cm3,0.2925425645590364,-0.524343215962815,方向反转(单变量r vs 净效应β)
log10_PE_VSA_parasitic_energy,NASA_m2_cm3,-0.1083428283351232,0.29953399979468803,方向反转(单变量r vs 净效应β)
log10_PE_VSA_parasitic_energy,ligand_n_amino,0.24838637254599,-0.1504720934492896,方向反转(单变量r vs 净效应β)
N2_Qst_Widom,LCD_PLD_ratio,-0.1549178262683337,0.19922746536662375,方向反转(单变量r vs 净效应β)
N2_Qst_Widom,ASA_m2_cm3,-0.36802266747621937,0.1356876534765542,方向反转(单变量r vs 净效应β)
N2_Qst_Widom,NASA_m2_cm3,0.1324457943657031,-0.2894227208883648,方向反转(单变量r vs 净效应β)
N2_Qst_Widom,ligand_n_heavy,-0.10802784091886382,1.0133964368269068,方向反转(单变量r vs 净效应β)
N2_Qst_GCMC_flue_mean,LCD_A,-0.6576992125650531,0.22166545080182148,方向反转(单变量r vs 净效应β)
N2_Qst_GCMC_flue_mean,ASA_m2_cm3,-0.39406159667446405,0.19919928376250495,方向反转(单变量r vs 净效应β)
N2_Qst_GCMC_flue_mean,NASA_m2_cm3,0.11438286328077885,-0.3568284066409898,方向反转(单变量r vs 净效应β)
N2_ads_0.75bar,LCD_A,-0.22938576156388238,0.8388519166031789,方向反转(单变量r vs 净效应β)
N2_ads_0.75bar,LFPD_A,-0.2316265379972679,0.2440085103441123,方向反转(单变量r vs 净效应β)
N2_ads_0.75bar,LCD_PLD_ratio,0.10103847960890733,-0.3385608897668097,方向反转(单变量r vs 净效应β)
N2_ads_0.75bar,ligand_MW,0.32017383813959743,-0.6248032480183375,方向反转(单变量r vs 净效应β)
N2_ads_0.75bar,ligand_n_heavy,0.3224234158929353,-0.3148009864180893,方向反转(单变量r vs 净效应β)
Qst_diff_CO2_N2,LCD_A,-0.10399380608675612,0.1594123910899377,方向反转(单变量r vs 净效应β)
Qst_diff_CO2_N2,PLD_A,-0.2254326724801325,0.2736127754120204,方向反转(单变量r vs 净效应β)
Qst_diff_CO2_N2,pore_vol_cm3_g,0.12943486323199416,-0.11678516895299207,方向反转(单变量r vs 净效应β)
Qst_diff_CO2_N2,ASA_m2_cm3,-0.18611313556970016,0.3047925466621839,方向反转(单变量r vs 净效应β)
Qst_diff_CO2_N2,NASA_m2_cm3,0.3023977715857798,-0.6057597378235848,方向反转(单变量r vs 净效应β)
Qst_diff_CO2_N2,density_g_cm3,0.12943486323199416,-0.1167851689529906,方向反转(单变量r vs 净效应β)
Qst_diff_CO2_N2,O_coord_ratio,-0.15520465704556116,0.2395967008764654,方向反转(单变量r vs 净效应β)
Qst_diff_CO2_N2,ligand_MW,0.1840279071967721,-0.15055086813490204,方向反转(单变量r vs 净效应β)
