Target,Feature,shap_main,shap_interaction_total,shap_interaction_share
log10_CO2_TSA_regen_heat,LCD_A,0.035567973,0.052869804,0.5978192098647827
log10_CO2_TSA_regen_heat,PLD_A,0.06736444,0.109042525,0.6181305001261158
log10_CO2_TSA_regen_heat,LFPD_A,0.025684444,0.040145066,0.6098339004876753
log10_CO2_TSA_regen_heat,LCD_PLD_ratio,0.008076466,0.021082094,0.723015638663464
log10_CO2_TSA_regen_heat,pore_vol_cm3_g,0.014254888,0.03067232,0.682711480156329
log10_CO2_TSA_regen_heat,ASA_m2_cm3,0.010743047,0.029605811,0.7337459643672161
log10_CO2_TSA_regen_heat,ASA_m2_g,0.008424898,0.016451962,0.6613359936516024
log10_CO2_TSA_regen_heat,NASA_m2_cm3,0.006534986,0.011556394,0.638779021653328
log10_CO2_TSA_regen_heat,NASA_m2_g,0.0,0.0,0.0
log10_CO2_TSA_regen_heat,void_fraction,0.052790795,0.08114818,0.6058593588289717
log10_CO2_TSA_regen_heat,accessible_pore_vol,0.0,0.0,0.0
log10_CO2_TSA_regen_heat,has_oms,0.0005711409,0.0009960742,0.6355695448607682
log10_CO2_TSA_regen_heat,density_g_cm3,0.0,0.0,0.0
log10_CO2_TSA_regen_heat,uc_volume_A3,0.020282198,0.03823442,0.6533942239909069
log10_CO2_TSA_regen_heat,C_mass_frac,0.026454762,0.05090614,0.65803450456253
log10_CO2_TSA_regen_heat,N_mass_frac,0.003412058,0.008117691,0.7040648065370748
log10_CO2_TSA_regen_heat,O_mass_frac,0.012448173,0.028196411,0.6937310456741811
log10_CO2_TSA_regen_heat,catenation,0.00023547799,0.00040338753,0.631412275632608
log10_CO2_TSA_regen_heat,O_coord_ratio,0.0004424041,0.0011115503,0.7153043296726792
log10_CO2_TSA_regen_heat,shortest_MM_dist,0.02967615,0.05312617,0.6416024057063623
log10_CO2_TSA_regen_heat,ligand_MW,0.019549506,0.039370935,0.6682050128310774
log10_CO2_TSA_regen_heat,ligand_LogP,0.017237248,0.033376172,0.6594332759395463
log10_CO2_TSA_regen_heat,ligand_n_heavy,0.0015053549,0.0032161819,0.6811726859148881
log10_CO2_TSA_regen_heat,ligand_n_aromatic_rings,0.024188671,0.049170572,0.6702709831231881
log10_CO2_TSA_regen_heat,ligand_n_carboxylate,0.0011491765,0.0034937703,0.7524898570709357
log10_CO2_TSA_regen_heat,ligand_n_N_hetero,0.00311666,0.005947797,0.6561669214176067
log10_CO2_TSA_regen_heat,ligand_n_halogen,8.022312e-05,0.00017614376,0.6870768857458086
log10_CO2_TSA_regen_heat,ligand_n_amino,0.0025845238,0.006130699,0.7034472160091362
log10_CO2_TSA_regen_heat,ligand_TPSA,0.0031365799,0.010016645,0.7615353013702243
log10_CO2_TSA_regen_heat,metal_Co,0.0016133507,0.0034314157,0.6801931922555136
log10_CO2_TSA_regen_heat,metal_Cu,0.009722252,0.0194238,0.6664298475429191
log10_CO2_TSA_regen_heat,metal_Mn,0.001985377,0.0045362175,0.6955687596050414
log10_CO2_TSA_regen_heat,metal_Ni,0.00029124258,0.0004678293,0.6163174887569207
log10_CO2_TSA_regen_heat,metal_Other,0.00022026611,0.0005939421,0.7294720154929872
log10_CO2_TSA_regen_heat,metal_Zn,0.00032315674,0.00069471716,0.6825179241350648
log10_CO2_TSA_regen_heat,metal_Zr,0.0,0.0,0.0
log10_CO2_TSA_regen_heat,topo_Other,0.0011521955,0.0021696528,0.6531462657568959
log10_CO2_TSA_regen_heat,topo_dia,0.0,0.0,0.0
log10_CO2_TSA_regen_heat,topo_error,0.010925004,0.01995085,0.6461634975118219
log10_CO2_TSA_regen_heat,topo_lim,0.0,0.0,0.0
log10_CO2_TSA_regen_heat,topo_lvt,0.0,0.0,0.0
log10_CO2_TSA_regen_heat,topo_ntt,0.0,0.0,0.0
log10_CO2_TSA_regen_heat,topo_pcu,0.0027028387,0.003721516,0.5792824644904679
log10_CO2_TSA_regen_heat,topo_pto,0.0,0.0,0.0
log10_CO2_TSA_regen_heat,topo_pts,0.00013742213,0.00032595155,0.7034313177668371
log10_CO2_TSA_regen_heat,topo_tbo,0.0,0.0,0.0
log10_CO2_TSA_regen_heat,topo_tsy,0.0023138903,0.0030507213,0.56867512412562
CO2_Qst_CC_mean,LCD_A,0.3486399,0.62267125,0.6410625938534863
CO2_Qst_CC_mean,PLD_A,0.5105785,0.93010604,0.6456000651363316
CO2_Qst_CC_mean,LFPD_A,0.17430899,0.30931738,0.6395792333738815
CO2_Qst_CC_mean,LCD_PLD_ratio,0.16668823,0.2743498,0.6220547489674405
CO2_Qst_CC_mean,pore_vol_cm3_g,0.30807045,0.44410467,0.5904272499707668
CO2_Qst_CC_mean,ASA_m2_cm3,0.11639593,0.3708537,0.7611164432846192
CO2_Qst_CC_mean,ASA_m2_g,0.3780447,0.5276192,0.5825772821480896
CO2_Qst_CC_mean,NASA_m2_cm3,0.014735022,0.035893977,0.7089608434148977
CO2_Qst_CC_mean,NASA_m2_g,0.1250482,0.18260638,0.5935435076882921
CO2_Qst_CC_mean,void_fraction,1.5363086,2.0220966,0.5682592079855642
CO2_Qst_CC_mean,accessible_pore_vol,0.0,0.0,0.0
CO2_Qst_CC_mean,has_oms,0.031046707,0.0886242,0.7405659384678134
CO2_Qst_CC_mean,density_g_cm3,0.0,0.0,0.0
CO2_Qst_CC_mean,uc_volume_A3,0.29519805,0.5930452,0.6676608119787564
CO2_Qst_CC_mean,C_mass_frac,0.08634576,0.17427436,0.6686911089333242
CO2_Qst_CC_mean,N_mass_frac,0.013501216,0.033045694,0.7099438880262203
CO2_Qst_CC_mean,O_mass_frac,0.23532373,0.37023365,0.6113931824052878
CO2_Qst_CC_mean,catenation,0.027294554,0.03257651,0.5441110844710568
CO2_Qst_CC_mean,O_coord_ratio,0.023624461,0.049802482,0.6782589248748696
CO2_Qst_CC_mean,shortest_MM_dist,0.22350876,0.39430302,0.6382251430309813
CO2_Qst_CC_mean,ligand_MW,0.14718439,0.25538754,0.6343898670349636
CO2_Qst_CC_mean,ligand_LogP,0.066695444,0.14795737,0.6892869097911354
CO2_Qst_CC_mean,ligand_n_heavy,0.0031826713,0.0076320544,0.7057094924238235
CO2_Qst_CC_mean,ligand_n_aromatic_rings,0.028485926,0.072221905,0.717142904484305
CO2_Qst_CC_mean,ligand_n_carboxylate,0.024185043,0.06897201,0.7403841601132616
CO2_Qst_CC_mean,ligand_n_N_hetero,0.019261638,0.02828869,0.5949210345628014
CO2_Qst_CC_mean,ligand_n_halogen,0.005933762,0.012780519,0.68292868632869
CO2_Qst_CC_mean,ligand_n_amino,0.006813885,0.015619423,0.6962603385948991
CO2_Qst_CC_mean,ligand_TPSA,0.029482018,0.0696171,0.7024997184321276
CO2_Qst_CC_mean,metal_Co,0.009577561,0.01886838,0.6633065733087807
CO2_Qst_CC_mean,metal_Cu,0.027035858,0.047565956,0.6375978414129975
CO2_Qst_CC_mean,metal_Mn,0.034029387,0.06678568,0.6624573235254904
CO2_Qst_CC_mean,metal_Ni,0.015839238,0.021048402,0.5706085669839606
CO2_Qst_CC_mean,metal_Other,0.024825608,0.05079448,0.6717061810299726
CO2_Qst_CC_mean,metal_Zn,0.009318137,0.020704161,0.6896261581006493
CO2_Qst_CC_mean,metal_Zr,0.0,0.0,0.0
CO2_Qst_CC_mean,topo_Other,0.0069009922,0.014224375,0.6733314846490734
CO2_Qst_CC_mean,topo_dia,0.0,0.0,0.0
CO2_Qst_CC_mean,topo_error,0.096989594,0.15429124,0.6140191181089059
CO2_Qst_CC_mean,topo_lim,0.0,0.0,0.0
CO2_Qst_CC_mean,topo_lvt,0.0,0.0,0.0
CO2_Qst_CC_mean,topo_ntt,0.0,0.0,0.0
CO2_Qst_CC_mean,topo_pcu,0.014145923,0.028548704,0.6686720469843955
CO2_Qst_CC_mean,topo_pto,0.0,0.0,0.0
CO2_Qst_CC_mean,topo_pts,0.0,0.0,0.0
CO2_Qst_CC_mean,topo_tbo,0.0,0.0,0.0
CO2_Qst_CC_mean,topo_tsy,0.0,0.0,0.0
CO2_Qst_CC_1bar,LCD_A,0.34968665,0.5313431,0.6030932752120752
CO2_Qst_CC_1bar,PLD_A,0.43593845,0.7495573,0.6322733137450661
CO2_Qst_CC_1bar,LFPD_A,0.14263617,0.25788063,0.6438696777167301
CO2_Qst_CC_1bar,LCD_PLD_ratio,0.1198314,0.20086023,0.6263344716170773
CO2_Qst_CC_1bar,pore_vol_cm3_g,0.22066699,0.3667655,0.6243534309118037
CO2_Qst_CC_1bar,ASA_m2_cm3,0.10223876,0.30749303,0.7504739125160488
CO2_Qst_CC_1bar,ASA_m2_g,0.31104052,0.4380114,0.5847543957558539
CO2_Qst_CC_1bar,NASA_m2_cm3,0.014360256,0.039645463,0.7340974887858525
CO2_Qst_CC_1bar,NASA_m2_g,0.08682319,0.12091517,0.5820550911181547
CO2_Qst_CC_1bar,void_fraction,1.4263914,1.8256751,0.5613892172492488
CO2_Qst_CC_1bar,accessible_pore_vol,0.0,0.0,0.0
CO2_Qst_CC_1bar,has_oms,0.016374277,0.04544384,0.7351217360865727
CO2_Qst_CC_1bar,density_g_cm3,0.0,0.0,0.0
CO2_Qst_CC_1bar,uc_volume_A3,0.253718,0.5811565,0.6961004135819295
CO2_Qst_CC_1bar,C_mass_frac,0.04927123,0.10872264,0.688144694754731
CO2_Qst_CC_1bar,N_mass_frac,0.017332636,0.04132726,0.7045232445450299
CO2_Qst_CC_1bar,O_mass_frac,0.1914458,0.3047243,0.614152895725313
CO2_Qst_CC_1bar,catenation,0.039248034,0.05014057,0.5609279688700007
CO2_Qst_CC_1bar,O_coord_ratio,0.0008655807,0.002057188,0.7038490434608837
CO2_Qst_CC_1bar,shortest_MM_dist,0.16595413,0.28475422,0.6317926648350601
CO2_Qst_CC_1bar,ligand_MW,0.06728808,0.13504148,0.6674332929758546
CO2_Qst_CC_1bar,ligand_LogP,0.061717927,0.12548217,0.6703103913379577
CO2_Qst_CC_1bar,ligand_n_heavy,0.011178728,0.018153712,0.6188953915317426
CO2_Qst_CC_1bar,ligand_n_aromatic_rings,0.13357958,0.23605014,0.6386124216646235
CO2_Qst_CC_1bar,ligand_n_carboxylate,0.015538608,0.03812602,0.7104497459134702
CO2_Qst_CC_1bar,ligand_n_N_hetero,0.008781757,0.016246285,0.6491232900839026
CO2_Qst_CC_1bar,ligand_n_halogen,0.00297964,0.0053721596,0.64323382103784
CO2_Qst_CC_1bar,ligand_n_amino,0.002970372,0.01100951,0.7875252218108262
CO2_Qst_CC_1bar,ligand_TPSA,0.04003558,0.0989856,0.7120181427719224
CO2_Qst_CC_1bar,metal_Co,0.0017206062,0.0035338993,0.6725464850835426
CO2_Qst_CC_1bar,metal_Cu,0.028073892,0.043999724,0.6104830932322063
CO2_Qst_CC_1bar,metal_Mn,0.02463953,0.04264133,0.6337810084284099
CO2_Qst_CC_1bar,metal_Ni,0.009885242,0.015043461,0.6034594025115725
CO2_Qst_CC_1bar,metal_Other,0.027896648,0.060613595,0.6848201006619461
CO2_Qst_CC_1bar,metal_Zn,0.0,0.0,0.0
CO2_Qst_CC_1bar,metal_Zr,0.0,0.0,0.0
CO2_Qst_CC_1bar,topo_Other,0.0020057813,0.0043115783,0.6824969228103517
CO2_Qst_CC_1bar,topo_dia,0.0,0.0,0.0
CO2_Qst_CC_1bar,topo_error,0.07748284,0.131498,0.6292347245134162
CO2_Qst_CC_1bar,topo_lim,0.0,0.0,0.0
CO2_Qst_CC_1bar,topo_lvt,0.0,0.0,0.0
CO2_Qst_CC_1bar,topo_ntt,0.0,0.0,0.0
CO2_Qst_CC_1bar,topo_pcu,0.008981678,0.013026489,0.5918934413584538
CO2_Qst_CC_1bar,topo_pto,0.0,0.0,0.0
CO2_Qst_CC_1bar,topo_pts,0.004532739,0.008043309,0.6395736696869315
CO2_Qst_CC_1bar,topo_tbo,0.0,0.0,0.0
CO2_Qst_CC_1bar,topo_tsy,0.0,0.0,0.0
log10_CO2N2_actual_selectivity,LCD_A,0.020644521,0.04406113,0.6809471566150888
log10_CO2N2_actual_selectivity,PLD_A,0.026034622,0.04560035,0.6365655009025842
log10_CO2N2_actual_selectivity,LFPD_A,0.017096085,0.028527834,0.6252823734634623
log10_CO2N2_actual_selectivity,LCD_PLD_ratio,0.00535779,0.00963185,0.6425671370990145
log10_CO2N2_actual_selectivity,pore_vol_cm3_g,0.014649258,0.026602814,0.6448842955727886
log10_CO2N2_actual_selectivity,ASA_m2_cm3,0.006228255,0.017171126,0.7338282103483524
log10_CO2N2_actual_selectivity,ASA_m2_g,0.01921695,0.029692117,0.6070881796165716
log10_CO2N2_actual_selectivity,NASA_m2_cm3,0.0003312764,0.0007424693,0.6914759239196661
log10_CO2N2_actual_selectivity,NASA_m2_g,0.0030604068,0.004908389,0.6159511753488082
log10_CO2N2_actual_selectivity,void_fraction,0.06785358,0.09662529,0.5874632519109526
log10_CO2N2_actual_selectivity,accessible_pore_vol,0.0,0.0,0.0
log10_CO2N2_actual_selectivity,has_oms,0.0003710553,0.0008625936,0.6992213235050206
log10_CO2N2_actual_selectivity,density_g_cm3,0.0,0.0,0.0
log10_CO2N2_actual_selectivity,uc_volume_A3,0.009957502,0.026734587,0.7286198895212724
log10_CO2N2_actual_selectivity,C_mass_frac,0.00799887,0.014659122,0.6469735990328397
log10_CO2N2_actual_selectivity,N_mass_frac,0.0020869907,0.0052228607,0.7144961715279868
log10_CO2N2_actual_selectivity,O_mass_frac,0.009005803,0.01669058,0.6495303588417273
log10_CO2N2_actual_selectivity,catenation,0.002214482,0.0028226944,0.5603723457724676
log10_CO2N2_actual_selectivity,O_coord_ratio,0.00029136924,0.000772995,0.7262504588313031
log10_CO2N2_actual_selectivity,shortest_MM_dist,0.010956074,0.02018118,0.6481361796023467
log10_CO2N2_actual_selectivity,ligand_MW,0.008899479,0.015791986,0.6395726354265259
log10_CO2N2_actual_selectivity,ligand_LogP,0.00626439,0.01224314,0.661522103989617
log10_CO2N2_actual_selectivity,ligand_n_heavy,0.0008390858,0.0025397502,0.7516642443091283
log10_CO2N2_actual_selectivity,ligand_n_aromatic_rings,0.0061917296,0.011680647,0.6535586851295663
log10_CO2N2_actual_selectivity,ligand_n_carboxylate,0.0005515097,0.0017584043,0.7612423334864249
log10_CO2N2_actual_selectivity,ligand_n_N_hetero,0.00022967067,0.00056467485,0.710868050345414
log10_CO2N2_actual_selectivity,ligand_n_halogen,0.0002407408,0.00046151225,0.6571879277972542
log10_CO2N2_actual_selectivity,ligand_n_amino,0.00043044647,0.00094597274,0.6872708079203932
log10_CO2N2_actual_selectivity,ligand_TPSA,0.0020401562,0.005253353,0.7202778423053466
log10_CO2N2_actual_selectivity,metal_Co,0.0,0.0,0.0
log10_CO2N2_actual_selectivity,metal_Cu,0.0015602994,0.0022935176,0.5951288234125858
log10_CO2N2_actual_selectivity,metal_Mn,0.002344968,0.0045324843,0.6590353881062293
log10_CO2N2_actual_selectivity,metal_Ni,0.00029944812,0.00045900434,0.6051853797751113
log10_CO2N2_actual_selectivity,metal_Other,0.001294686,0.0027337032,0.6786095086687739
log10_CO2N2_actual_selectivity,metal_Zn,0.00019963302,0.00043925963,0.6875327747059953
log10_CO2N2_actual_selectivity,metal_Zr,0.0,0.0,0.0
log10_CO2N2_actual_selectivity,topo_Other,0.00077595835,0.0015169055,0.661576802593332
log10_CO2N2_actual_selectivity,topo_dia,0.0,0.0,0.0
log10_CO2N2_actual_selectivity,topo_error,0.0039133425,0.0072491216,0.6494195035396373
log10_CO2N2_actual_selectivity,topo_lim,0.0,0.0,0.0
log10_CO2N2_actual_selectivity,topo_lvt,0.0,0.0,0.0
log10_CO2N2_actual_selectivity,topo_ntt,0.0,0.0,0.0
log10_CO2N2_actual_selectivity,topo_pcu,6.383244e-05,0.00016006661,0.7149052633746628
log10_CO2N2_actual_selectivity,topo_pto,0.0,0.0,0.0
log10_CO2N2_actual_selectivity,topo_pts,0.0,0.0,0.0
log10_CO2N2_actual_selectivity,topo_tbo,0.0,0.0,0.0
log10_CO2N2_actual_selectivity,topo_tsy,8.3110725e-05,0.00013976223,0.6270937294267773
log10_CO2N2_Henry_selectivity,LCD_A,0.023990864,0.04072275,0.6292764187164739
log10_CO2N2_Henry_selectivity,PLD_A,0.04185038,0.064248316,0.6055523588377628
log10_CO2N2_Henry_selectivity,LFPD_A,0.008622465,0.016725603,0.6598374267851712
log10_CO2N2_Henry_selectivity,LCD_PLD_ratio,0.0051018065,0.011425469,0.6913098525065842
log10_CO2N2_Henry_selectivity,pore_vol_cm3_g,0.018593367,0.035204194,0.6543827152977352
log10_CO2N2_Henry_selectivity,ASA_m2_cm3,0.011549732,0.034473047,0.7490431147405033
log10_CO2N2_Henry_selectivity,ASA_m2_g,0.028762264,0.055292074,0.6578134609057231
log10_CO2N2_Henry_selectivity,NASA_m2_cm3,0.0011536245,0.0020962728,0.6450274180893519
log10_CO2N2_Henry_selectivity,NASA_m2_g,0.005390781,0.007810822,0.5916570758700574
log10_CO2N2_Henry_selectivity,void_fraction,0.09084617,0.1363487,0.6001398327096867
log10_CO2N2_Henry_selectivity,accessible_pore_vol,0.0,0.0,0.0
log10_CO2N2_Henry_selectivity,has_oms,0.00031628757,0.0006544023,0.6741620823783407
log10_CO2N2_Henry_selectivity,density_g_cm3,0.0,0.0,0.0
log10_CO2N2_Henry_selectivity,uc_volume_A3,0.022839693,0.040413268,0.6389150154045165
log10_CO2N2_Henry_selectivity,C_mass_frac,0.010535362,0.020758737,0.6633434700755098
log10_CO2N2_Henry_selectivity,N_mass_frac,0.0026417656,0.00817819,0.7558432337707915
log10_CO2N2_Henry_selectivity,O_mass_frac,0.009833592,0.0204097,0.6748504502896451
log10_CO2N2_Henry_selectivity,catenation,0.004155932,0.0060420306,0.5924742868788913
log10_CO2N2_Henry_selectivity,O_coord_ratio,0.0022094827,0.005012308,0.6940533353366978
log10_CO2N2_Henry_selectivity,shortest_MM_dist,0.020437703,0.03809858,0.6508541155122872
log10_CO2N2_Henry_selectivity,ligand_MW,0.013744231,0.025424624,0.6491030319465336
log10_CO2N2_Henry_selectivity,ligand_LogP,0.0072744177,0.013869073,0.6559500322339321
log10_CO2N2_Henry_selectivity,ligand_n_heavy,0.00073659205,0.0017335401,0.7018005325961754
log10_CO2N2_Henry_selectivity,ligand_n_aromatic_rings,0.0052945637,0.011138659,0.6778134453024246
log10_CO2N2_Henry_selectivity,ligand_n_carboxylate,0.0004059501,0.0012350673,0.7526228990509676
log10_CO2N2_Henry_selectivity,ligand_n_N_hetero,0.0012834714,0.0018738718,0.5934963760278021
log10_CO2N2_Henry_selectivity,ligand_n_halogen,7.9959646e-05,0.00021112848,0.7253077748168129
log10_CO2N2_Henry_selectivity,ligand_n_amino,0.0011545458,0.003130449,0.7305607632150308
log10_CO2N2_Henry_selectivity,ligand_TPSA,0.0018649191,0.0047185817,0.7167283680574027
log10_CO2N2_Henry_selectivity,metal_Co,0.00044688143,0.001125043,0.7157106322405438
log10_CO2N2_Henry_selectivity,metal_Cu,0.001576906,0.0024515255,0.6085558288863248
log10_CO2N2_Henry_selectivity,metal_Mn,0.00068513775,0.0012925453,0.6535654694718063
log10_CO2N2_Henry_selectivity,metal_Ni,0.0007468491,0.0011867088,0.6137436044071156
log10_CO2N2_Henry_selectivity,metal_Other,0.002419607,0.0048183715,0.6657068189905455
log10_CO2N2_Henry_selectivity,metal_Zn,0.007384008,0.015639504,0.6792840410900032
log10_CO2N2_Henry_selectivity,metal_Zr,0.0,0.0,0.0
log10_CO2N2_Henry_selectivity,topo_Other,0.0008681525,0.0021743658,0.7146599244210269
log10_CO2N2_Henry_selectivity,topo_dia,0.0007056156,0.0012902769,0.6464661202345101
log10_CO2N2_Henry_selectivity,topo_error,0.0069024498,0.01080855,0.6102733127418739
log10_CO2N2_Henry_selectivity,topo_lim,0.0,0.0,0.0
log10_CO2N2_Henry_selectivity,topo_lvt,0.0,0.0,0.0
log10_CO2N2_Henry_selectivity,topo_ntt,0.0,0.0,0.0
log10_CO2N2_Henry_selectivity,topo_pcu,0.0,0.0,0.0
log10_CO2N2_Henry_selectivity,topo_pto,0.0,0.0,0.0
log10_CO2N2_Henry_selectivity,topo_pts,0.00040901525,0.0006274496,0.605374717283109
log10_CO2N2_Henry_selectivity,topo_tbo,0.0007341744,0.0012961503,0.638395569133808
log10_CO2N2_Henry_selectivity,topo_tsy,0.0,0.0,0.0
log10_PE_VSA_parasitic_energy,LCD_A,0.003412255,0.005754869,0.6277725952985997
log10_PE_VSA_parasitic_energy,PLD_A,0.007403257,0.012514486,0.6283084283546799
log10_PE_VSA_parasitic_energy,LFPD_A,0.0066575883,0.007994991,0.5456371022046803
log10_PE_VSA_parasitic_energy,LCD_PLD_ratio,0.0005887186,0.0013506939,0.6964448831560934
log10_PE_VSA_parasitic_energy,pore_vol_cm3_g,0.005173204,0.0060776286,0.5401936510373314
log10_PE_VSA_parasitic_energy,ASA_m2_cm3,0.001432741,0.004110409,0.7415294445219937
log10_PE_VSA_parasitic_energy,ASA_m2_g,0.0043750205,0.006280476,0.5894118929787687
log10_PE_VSA_parasitic_energy,NASA_m2_cm3,0.00011107774,0.00023169236,0.6759409942894327
log10_PE_VSA_parasitic_energy,NASA_m2_g,0.00014587303,0.0002822723,0.6592908496832355
log10_PE_VSA_parasitic_energy,void_fraction,0.015579158,0.019014306,0.5496502734247072
log10_PE_VSA_parasitic_energy,accessible_pore_vol,0.0,0.0,0.0
log10_PE_VSA_parasitic_energy,has_oms,0.00015749242,0.0003486686,0.688849187555994
log10_PE_VSA_parasitic_energy,density_g_cm3,0.0,0.0,0.0
log10_PE_VSA_parasitic_energy,uc_volume_A3,0.0024948316,0.004972216,0.6658878254623869
log10_PE_VSA_parasitic_energy,C_mass_frac,0.00086090894,0.0018148266,0.6782533398171754
log10_PE_VSA_parasitic_energy,N_mass_frac,0.00034628477,0.00090557773,0.7233843432079474
log10_PE_VSA_parasitic_energy,O_mass_frac,0.0015406207,0.0032913834,0.6811631883639915
log10_PE_VSA_parasitic_energy,catenation,0.00014750483,0.00027003774,0.646731006252642
log10_PE_VSA_parasitic_energy,O_coord_ratio,3.0282841e-05,9.047075e-05,0.7492178741994067
log10_PE_VSA_parasitic_energy,shortest_MM_dist,0.0029493799,0.0051383204,0.6353252759258038
log10_PE_VSA_parasitic_energy,ligand_MW,0.0012158965,0.0021319105,0.6368080554909491
log10_PE_VSA_parasitic_energy,ligand_LogP,0.0025178832,0.0048965868,0.6604095486155167
log10_PE_VSA_parasitic_energy,ligand_n_heavy,8.105155e-05,0.0001977934,0.7093310825993389
log10_PE_VSA_parasitic_energy,ligand_n_aromatic_rings,0.003918669,0.0072253756,0.6483620396069428
log10_PE_VSA_parasitic_energy,ligand_n_carboxylate,0.00011778262,0.00040679768,0.7754726594784439
log10_PE_VSA_parasitic_energy,ligand_n_N_hetero,4.2470296e-05,0.00013403248,0.7593789082669806
log10_PE_VSA_parasitic_energy,ligand_n_halogen,0.0,0.0,0.0
log10_PE_VSA_parasitic_energy,ligand_n_amino,0.00021986545,0.0005691244,0.7213329671840768
log10_PE_VSA_parasitic_energy,ligand_TPSA,0.00047235203,0.0012066521,0.7186713206211903
log10_PE_VSA_parasitic_energy,metal_Co,8.5989916e-05,0.00019190556,0.6905674172839018
log10_PE_VSA_parasitic_energy,metal_Cu,0.0007050484,0.001289792,0.6465640313601909
log10_PE_VSA_parasitic_energy,metal_Mn,0.00082061917,0.0015248964,0.6501327386230593
log10_PE_VSA_parasitic_energy,metal_Ni,0.0,0.0,0.0
log10_PE_VSA_parasitic_energy,metal_Other,0.00011501239,0.0002193986,0.6560747356814506
log10_PE_VSA_parasitic_energy,metal_Zn,0.0,0.0,0.0
log10_PE_VSA_parasitic_energy,metal_Zr,0.0,0.0,0.0
log10_PE_VSA_parasitic_energy,topo_Other,0.00033287946,0.0007272296,0.6859950948184746
log10_PE_VSA_parasitic_energy,topo_dia,0.0,0.0,0.0
log10_PE_VSA_parasitic_energy,topo_error,0.0007808176,0.0013449262,0.6326849942259188
log10_PE_VSA_parasitic_energy,topo_lim,0.0,0.0,0.0
log10_PE_VSA_parasitic_energy,topo_lvt,0.0,0.0,0.0
log10_PE_VSA_parasitic_energy,topo_ntt,0.0,0.0,0.0
log10_PE_VSA_parasitic_energy,topo_pcu,0.0,0.0,0.0
log10_PE_VSA_parasitic_energy,topo_pto,0.0,0.0,0.0
log10_PE_VSA_parasitic_energy,topo_pts,1.4489284e-05,2.8741571e-05,0.6648392826322364
log10_PE_VSA_parasitic_energy,topo_tbo,0.0,0.0,0.0
log10_PE_VSA_parasitic_energy,topo_tsy,0.0,0.0,0.0
N2_Qst_Widom,LCD_A,0.23597208,0.43594348,0.648806976606238
N2_Qst_Widom,PLD_A,0.35934347,0.572323,0.6143003191774745
N2_Qst_Widom,LFPD_A,0.2123746,0.34526852,0.6191567834738604
N2_Qst_Widom,LCD_PLD_ratio,0.14294305,0.2562914,0.6419571091090016
N2_Qst_Widom,pore_vol_cm3_g,0.33618456,0.54659826,0.6191763649877616
N2_Qst_Widom,ASA_m2_cm3,0.116202906,0.25176415,0.6842029343965488
N2_Qst_Widom,ASA_m2_g,0.13554808,0.21532734,0.6136859823113008
N2_Qst_Widom,NASA_m2_cm3,0.023075012,0.03861856,0.6259738241095699
N2_Qst_Widom,NASA_m2_g,0.022072723,0.033949755,0.606002359279587
N2_Qst_Widom,void_fraction,1.223595,1.6109889,0.568333481087444
N2_Qst_Widom,accessible_pore_vol,0.0,0.0,0.0
N2_Qst_Widom,has_oms,0.006483162,0.016765967,0.7211438815993358
N2_Qst_Widom,density_g_cm3,0.0,0.0,0.0
N2_Qst_Widom,uc_volume_A3,0.15969782,0.33948684,0.680082660997913
N2_Qst_Widom,C_mass_frac,0.050100204,0.11800817,0.7019767298139115
N2_Qst_Widom,N_mass_frac,0.032335833,0.076228656,0.7021509230525171
N2_Qst_Widom,O_mass_frac,0.12389999,0.21206515,0.6312117790984749
N2_Qst_Widom,catenation,0.018548682,0.03264311,0.6376629602692906
N2_Qst_Widom,O_coord_ratio,0.025580045,0.043766048,0.6311249291473027
N2_Qst_Widom,shortest_MM_dist,0.1209306,0.24409972,0.6687108137095268
N2_Qst_Widom,ligand_MW,0.068439305,0.15157357,0.6889304531674945
N2_Qst_Widom,ligand_LogP,0.05387553,0.12790532,0.7036237737382379
N2_Qst_Widom,ligand_n_heavy,0.010118817,0.0212211,0.6771268473985882
N2_Qst_Widom,ligand_n_aromatic_rings,0.013354208,0.03534672,0.7257915058120437
N2_Qst_Widom,ligand_n_carboxylate,0.0072082677,0.02311134,0.7622572332536088
N2_Qst_Widom,ligand_n_N_hetero,0.014328603,0.02075069,0.5915367301955319
N2_Qst_Widom,ligand_n_halogen,0.0049038106,0.013034159,0.726624012692539
N2_Qst_Widom,ligand_n_amino,0.006503104,0.017943546,0.73398789576581
N2_Qst_Widom,ligand_TPSA,0.042916693,0.09079486,0.6790353083509986
N2_Qst_Widom,metal_Co,0.004200666,0.01042385,0.7127654635216539
N2_Qst_Widom,metal_Cu,0.02465118,0.03660626,0.5975806614339081
N2_Qst_Widom,metal_Mn,0.020227537,0.046082836,0.6949566338338176
N2_Qst_Widom,metal_Ni,0.00635906,0.009303354,0.5939923607258277
N2_Qst_Widom,metal_Other,0.012924538,0.030275274,0.7008195933027503
N2_Qst_Widom,metal_Zn,0.0028685683,0.0086121615,0.7501405817633441
N2_Qst_Widom,metal_Zr,0.0,0.0,0.0
N2_Qst_Widom,topo_Other,0.0077445703,0.015590976,0.6681213210639206
N2_Qst_Widom,topo_dia,0.054195963,0.09049225,0.625429280041058
N2_Qst_Widom,topo_error,0.059531894,0.09584705,0.6168599764578268
N2_Qst_Widom,topo_lim,0.0,0.0,0.0
N2_Qst_Widom,topo_lvt,0.0,0.0,0.0
N2_Qst_Widom,topo_ntt,0.0,0.0,0.0
N2_Qst_Widom,topo_pcu,0.092526376,0.16759342,0.6442932151174818
N2_Qst_Widom,topo_pto,0.0,0.0,0.0
N2_Qst_Widom,topo_pts,0.007015373,0.011399878,0.6190454708470589
N2_Qst_Widom,topo_tbo,0.002005226,0.0028947522,0.5907683852905624
N2_Qst_Widom,topo_tsy,0.0087491935,0.015671842,0.6417353319223598
N2_Qst_GCMC_flue_mean,LCD_A,0.26518145,0.4533664,0.6309481227727027
N2_Qst_GCMC_flue_mean,PLD_A,0.40176818,0.6800308,0.6286110485440239
N2_Qst_GCMC_flue_mean,LFPD_A,0.09819647,0.14902557,0.6028005296890351
N2_Qst_GCMC_flue_mean,LCD_PLD_ratio,0.112397,0.1853632,0.6225251406870816
N2_Qst_GCMC_flue_mean,pore_vol_cm3_g,0.29337996,0.44919357,0.6049146208837416
N2_Qst_GCMC_flue_mean,ASA_m2_cm3,0.065065876,0.17904536,0.7334580919987915
N2_Qst_GCMC_flue_mean,ASA_m2_g,0.15419212,0.23529069,0.6041106142717215
N2_Qst_GCMC_flue_mean,NASA_m2_cm3,0.021680951,0.034334086,0.6129440900126016
N2_Qst_GCMC_flue_mean,NASA_m2_g,0.030506939,0.045654416,0.5994433294345861
N2_Qst_GCMC_flue_mean,void_fraction,1.2261682,1.5944133,0.5652782295336707
N2_Qst_GCMC_flue_mean,accessible_pore_vol,0.0,0.0,0.0
N2_Qst_GCMC_flue_mean,has_oms,0.009058954,0.030340282,0.7700728487821739
N2_Qst_GCMC_flue_mean,density_g_cm3,0.0,0.0,0.0
N2_Qst_GCMC_flue_mean,uc_volume_A3,0.17941837,0.42407084,0.7026982768851835
N2_Qst_GCMC_flue_mean,C_mass_frac,0.10259432,0.19984408,0.660776117888871
N2_Qst_GCMC_flue_mean,N_mass_frac,0.02795803,0.06481639,0.6986450820726411
N2_Qst_GCMC_flue_mean,O_mass_frac,0.13380152,0.22504903,0.6271386258927567
N2_Qst_GCMC_flue_mean,catenation,0.006487103,0.007896348,0.5489884073893093
N2_Qst_GCMC_flue_mean,O_coord_ratio,0.012045911,0.0226081,0.652394901707778
N2_Qst_GCMC_flue_mean,shortest_MM_dist,0.12509695,0.22595876,0.64365500160053
N2_Qst_GCMC_flue_mean,ligand_MW,0.04428482,0.109694585,0.7123977694383525
N2_Qst_GCMC_flue_mean,ligand_LogP,0.03153347,0.08000912,0.7172966226889792
N2_Qst_GCMC_flue_mean,ligand_n_heavy,0.0126789855,0.025049612,0.6639423212988165
N2_Qst_GCMC_flue_mean,ligand_n_aromatic_rings,0.018041546,0.04346264,0.7066615287290773
N2_Qst_GCMC_flue_mean,ligand_n_carboxylate,0.008619876,0.027048726,0.7583343716369305
N2_Qst_GCMC_flue_mean,ligand_n_N_hetero,0.009340564,0.014430889,0.6070680043831059
N2_Qst_GCMC_flue_mean,ligand_n_halogen,0.0,0.0,0.0
N2_Qst_GCMC_flue_mean,ligand_n_amino,0.002799854,0.009360319,0.7697521445138975
N2_Qst_GCMC_flue_mean,ligand_TPSA,0.01937268,0.052441552,0.7302389948463185
N2_Qst_GCMC_flue_mean,metal_Co,0.00804416,0.015714584,0.6614232051488322
N2_Qst_GCMC_flue_mean,metal_Cu,0.026810722,0.045151684,0.6274343123695052
N2_Qst_GCMC_flue_mean,metal_Mn,0.01850183,0.040739242,0.6876857737871206
N2_Qst_GCMC_flue_mean,metal_Ni,0.010749197,0.015010784,0.5827172354743325
N2_Qst_GCMC_flue_mean,metal_Other,0.00548648,0.011606958,0.6790300065964527
N2_Qst_GCMC_flue_mean,metal_Zn,0.0032011713,0.006503069,0.6701265699154592
N2_Qst_GCMC_flue_mean,metal_Zr,0.0,0.0,0.0
N2_Qst_GCMC_flue_mean,topo_Other,0.010724158,0.019855957,0.6493094533730382
N2_Qst_GCMC_flue_mean,topo_dia,0.0,0.0,0.0
N2_Qst_GCMC_flue_mean,topo_error,0.064384066,0.09800631,0.6035228651821544
N2_Qst_GCMC_flue_mean,topo_lim,0.0,0.0,0.0
N2_Qst_GCMC_flue_mean,topo_lvt,0.0011687849,0.0023405962,0.6669541181792361
N2_Qst_GCMC_flue_mean,topo_ntt,0.0,0.0,0.0
N2_Qst_GCMC_flue_mean,topo_pcu,0.01188741,0.01809768,0.6035559924117837
N2_Qst_GCMC_flue_mean,topo_pto,0.0,0.0,0.0
N2_Qst_GCMC_flue_mean,topo_pts,0.0056147785,0.009015159,0.6162130645531101
N2_Qst_GCMC_flue_mean,topo_tbo,0.000453389,0.0008643898,0.6559445291575222
N2_Qst_GCMC_flue_mean,topo_tsy,0.0028205554,0.003686806,0.5665592825238029
N2_ads_0.75bar,LCD_A,0.03214943,0.05259743,0.6206416334806858
N2_ads_0.75bar,PLD_A,0.015705483,0.028541066,0.6450461727739124
N2_ads_0.75bar,LFPD_A,0.0053988495,0.010698009,0.6646023141395063
N2_ads_0.75bar,LCD_PLD_ratio,0.003969676,0.010116255,0.7181815013692452
N2_ads_0.75bar,pore_vol_cm3_g,0.010536748,0.023367792,0.6892230799294057
N2_ads_0.75bar,ASA_m2_cm3,0.0064068357,0.0115021765,0.6422563148976967
N2_ads_0.75bar,ASA_m2_g,0.0066151023,0.012513647,0.6541800908723339
N2_ads_0.75bar,NASA_m2_cm3,0.0011510053,0.0020653023,0.642134580415173
N2_ads_0.75bar,NASA_m2_g,0.0,0.0,0.0
N2_ads_0.75bar,void_fraction,0.008971115,0.019015374,0.679448340263182
N2_ads_0.75bar,accessible_pore_vol,0.0,0.0,0.0
N2_ads_0.75bar,has_oms,0.00022945163,0.0004905829,0.6813324604996934
N2_ads_0.75bar,density_g_cm3,0.0,0.0,0.0
N2_ads_0.75bar,uc_volume_A3,0.007587413,0.013991578,0.6483889005021176
N2_ads_0.75bar,C_mass_frac,0.015747592,0.028797846,0.6464825016632939
N2_ads_0.75bar,N_mass_frac,0.0047577713,0.010284209,0.6837004648672846
N2_ads_0.75bar,O_mass_frac,0.0040798793,0.008972762,0.6874288404313611
N2_ads_0.75bar,catenation,0.00042850574,0.0009301014,0.684599239312985
N2_ads_0.75bar,O_coord_ratio,0.00029728803,0.0011178949,0.7899295908505402
N2_ads_0.75bar,shortest_MM_dist,0.008829595,0.017282624,0.6618596764540322
N2_ads_0.75bar,ligand_MW,0.0048682634,0.011347324,0.699778776495419
N2_ads_0.75bar,ligand_LogP,0.0040856726,0.009079154,0.6896523987380742
N2_ads_0.75bar,ligand_n_heavy,0.003964532,0.009721149,0.7103153150427076
N2_ads_0.75bar,ligand_n_aromatic_rings,0.016272236,0.03531778,0.6845855559592557
N2_ads_0.75bar,ligand_n_carboxylate,0.00047984882,0.0015184139,0.7598669983274513
N2_ads_0.75bar,ligand_n_N_hetero,0.00019267919,0.00050229416,0.7227531410170446
N2_ads_0.75bar,ligand_n_halogen,9.836148e-05,0.00018753091,0.6559492679425207
N2_ads_0.75bar,ligand_n_amino,0.00085465185,0.0020767297,0.7084474034031296
N2_ads_0.75bar,ligand_TPSA,0.0019764064,0.0037568845,0.6552754238003642
N2_ads_0.75bar,metal_Co,0.00092390773,0.001975785,0.6813773405028283
N2_ads_0.75bar,metal_Cu,0.0006397496,0.001125584,0.6376041436368147
N2_ads_0.75bar,metal_Mn,8.7809865e-05,0.00015789579,0.6426217124408355
N2_ads_0.75bar,metal_Ni,0.00019095409,0.00029690258,0.6085856572781521
N2_ads_0.75bar,metal_Other,0.0001354026,0.0005183318,0.7928782743426857
N2_ads_0.75bar,metal_Zn,0.0002969478,0.00074207666,0.7142052027646166
N2_ads_0.75bar,metal_Zr,0.0,0.0,0.0
N2_ads_0.75bar,topo_Other,0.0011253351,0.0019018435,0.6282561196198708
N2_ads_0.75bar,topo_dia,0.0004243795,0.00061113917,0.5901768485902387
N2_ads_0.75bar,topo_error,0.0042575323,0.0076413755,0.6421913369901238
N2_ads_0.75bar,topo_lim,0.0,0.0,0.0
N2_ads_0.75bar,topo_lvt,0.0,0.0,0.0
N2_ads_0.75bar,topo_ntt,0.0,0.0,0.0
N2_ads_0.75bar,topo_pcu,0.0,0.0,0.0
N2_ads_0.75bar,topo_pto,0.0,0.0,0.0
N2_ads_0.75bar,topo_pts,0.0,0.0,0.0
N2_ads_0.75bar,topo_tbo,0.0005155994,0.00089959265,0.6356682525140571
N2_ads_0.75bar,topo_tsy,0.00018027476,0.00028091724,0.6091112840181285
Qst_diff_CO2_N2,LCD_A,0.13670067,0.25732157,0.6530635815574033
Qst_diff_CO2_N2,PLD_A,0.20583834,0.34784997,0.6282415084448834
Qst_diff_CO2_N2,LFPD_A,0.19559555,0.30129725,0.6063626629842755
Qst_diff_CO2_N2,LCD_PLD_ratio,0.062801324,0.1401926,0.6906245843298559
Qst_diff_CO2_N2,pore_vol_cm3_g,0.062300507,0.16266696,0.7230688299361042
Qst_diff_CO2_N2,ASA_m2_cm3,0.1066618,0.26228836,0.7109045919770314
Qst_diff_CO2_N2,ASA_m2_g,0.3992936,0.60173094,0.601115109532313
Qst_diff_CO2_N2,NASA_m2_cm3,0.0068230033,0.014075065,0.6735103365984699
Qst_diff_CO2_N2,NASA_m2_g,0.14524089,0.19907337,0.5781734521897783
Qst_diff_CO2_N2,void_fraction,0.3586938,0.58443534,0.6196768745804139
Qst_diff_CO2_N2,accessible_pore_vol,0.0,0.0,0.0
Qst_diff_CO2_N2,has_oms,0.0014317227,0.004324922,0.7512921542420594
Qst_diff_CO2_N2,density_g_cm3,0.0,0.0,0.0
Qst_diff_CO2_N2,uc_volume_A3,0.3212472,0.55183786,0.632055123669942
Qst_diff_CO2_N2,C_mass_frac,0.09143167,0.17409348,0.6556572018347512
Qst_diff_CO2_N2,N_mass_frac,0.07914004,0.18677957,0.7023910816129355
Qst_diff_CO2_N2,O_mass_frac,0.14510924,0.2386059,0.6218308031209989
Qst_diff_CO2_N2,catenation,0.15626429,0.20053533,0.5620390992188861
Qst_diff_CO2_N2,O_coord_ratio,0.019222224,0.048025392,0.7141575581597052
Qst_diff_CO2_N2,shortest_MM_dist,0.23587805,0.41233206,0.6361086516318543
Qst_diff_CO2_N2,ligand_MW,0.19333111,0.3075956,0.6140530946819286
Qst_diff_CO2_N2,ligand_LogP,0.05256914,0.10339901,0.6629495325435228
Qst_diff_CO2_N2,ligand_n_heavy,0.0049853125,0.011133849,0.6907213260076079
Qst_diff_CO2_N2,ligand_n_aromatic_rings,0.030465499,0.06427368,0.6784276605884958
Qst_diff_CO2_N2,ligand_n_carboxylate,0.016876427,0.029549187,0.6364845648905803
Qst_diff_CO2_N2,ligand_n_N_hetero,0.086364694,0.165774,0.6574714631282647
Qst_diff_CO2_N2,ligand_n_halogen,0.015674898,0.026347997,0.6269914679559515
Qst_diff_CO2_N2,ligand_n_amino,0.043706972,0.07443104,0.6300346185947163
Qst_diff_CO2_N2,ligand_TPSA,0.053842414,0.14950958,0.7352255534461839
Qst_diff_CO2_N2,metal_Co,0.0026815864,0.0041513094,0.6075475896802012
Qst_diff_CO2_N2,metal_Cu,0.015945293,0.027715284,0.6347896898220289
Qst_diff_CO2_N2,metal_Mn,0.0,0.0,0.0
Qst_diff_CO2_N2,metal_Ni,0.008775884,0.011993689,0.5774644009271246
Qst_diff_CO2_N2,metal_Other,0.0044604354,0.0106350975,0.7045195158554325
Qst_diff_CO2_N2,metal_Zn,0.049669128,0.10659395,0.6821441724177207
Qst_diff_CO2_N2,metal_Zr,0.0,0.0,0.0
Qst_diff_CO2_N2,topo_Other,0.005448205,0.013955155,0.7192133126891243
Qst_diff_CO2_N2,topo_dia,0.0009906412,0.0017726603,0.6415008394001811
Qst_diff_CO2_N2,topo_error,0.041217443,0.07508223,0.6455927610079818
Qst_diff_CO2_N2,topo_lim,0.0,0.0,0.0
Qst_diff_CO2_N2,topo_lvt,0.0,0.0,0.0
Qst_diff_CO2_N2,topo_ntt,0.0,0.0,0.0
Qst_diff_CO2_N2,topo_pcu,0.0032291296,0.006038147,0.6515557456680166
Qst_diff_CO2_N2,topo_pto,0.0,0.0,0.0
Qst_diff_CO2_N2,topo_pts,0.0,0.0,0.0
Qst_diff_CO2_N2,topo_tbo,0.004861033,0.008748734,0.6428276395071042
Qst_diff_CO2_N2,topo_tsy,0.027690874,0.035568506,0.5622645464917424
