Target,Feature_i,Feature_j,common_contrib
log10_CO2_TSA_regen_heat,void_fraction,ASA_m2_cm3,-0.0701929792624435
log10_CO2_TSA_regen_heat,NASA_m2_g,NASA_m2_cm3,0.023231295022101417
log10_CO2_TSA_regen_heat,LCD_A,ASA_m2_cm3,-0.0213222742358411
log10_CO2_TSA_regen_heat,void_fraction,ligand_n_aromatic_rings,-0.014614522669223806
log10_CO2_TSA_regen_heat,LCD_A,PLD_A,-0.00854122921076117
log10_CO2_TSA_regen_heat,ASA_m2_cm3,PLD_A,0.00770355234028175
log10_CO2_TSA_regen_heat,ligand_n_aromatic_rings,ligand_TPSA,0.007616170754816243
log10_CO2_TSA_regen_heat,void_fraction,LCD_A,0.007250529086325841
log10_CO2_TSA_regen_heat,(higher-order),,0.2003431886836965
CO2_Qst_CC_mean,void_fraction,ASA_m2_g,0.045736703468431616
CO2_Qst_CC_mean,void_fraction,ASA_m2_cm3,-0.03522480801521455
CO2_Qst_CC_mean,NASA_m2_g,NASA_m2_cm3,0.031978002762172886
CO2_Qst_CC_mean,ligand_n_aromatic_rings,ligand_n_heavy,-0.011861908626666584
CO2_Qst_CC_mean,void_fraction,LCD_A,-0.010584465008621424
CO2_Qst_CC_mean,LCD_A,ASA_m2_cm3,-0.009305244912860777
CO2_Qst_CC_mean,void_fraction,ligand_n_aromatic_rings,-0.008544758425873433
CO2_Qst_CC_mean,void_fraction,O_coord_ratio,0.008454718407556738
CO2_Qst_CC_mean,(higher-order),,0.5018360897649855
CO2_Qst_CC_1bar,NASA_m2_g,NASA_m2_cm3,0.025670082435975905
CO2_Qst_CC_1bar,void_fraction,ASA_m2_cm3,0.025433398707078947
CO2_Qst_CC_1bar,ligand_n_heavy,ligand_n_aromatic_rings,0.01263696869408959
CO2_Qst_CC_1bar,ligand_n_aromatic_rings,ligand_TPSA,0.012060163326566231
CO2_Qst_CC_1bar,ligand_n_heavy,ligand_TPSA,0.011566449410712387
CO2_Qst_CC_1bar,void_fraction,LFPD_A,0.009816606746427481
CO2_Qst_CC_1bar,void_fraction,LCD_A,-0.009691252135462625
CO2_Qst_CC_1bar,void_fraction,ligand_n_aromatic_rings,-0.00965781413082789
CO2_Qst_CC_1bar,(higher-order),,0.4354612812254036
log10_CO2N2_actual_selectivity,NASA_m2_g,NASA_m2_cm3,0.02764763597451314
log10_CO2N2_actual_selectivity,ligand_n_aromatic_rings,ligand_TPSA,0.020741975355923925
log10_CO2N2_actual_selectivity,void_fraction,ligand_n_aromatic_rings,-0.010088835279813746
log10_CO2N2_actual_selectivity,void_fraction,ASA_m2_cm3,0.008506204289853936
log10_CO2N2_actual_selectivity,void_fraction,topo_pcu,0.006736815040038646
log10_CO2N2_actual_selectivity,LCD_A,ASA_m2_cm3,-0.0059989555061736866
log10_CO2N2_actual_selectivity,NASA_m2_g,ligand_n_aromatic_rings,-0.00570461194570937
log10_CO2N2_actual_selectivity,void_fraction,ligand_MW,0.005108303281494475
log10_CO2N2_actual_selectivity,(higher-order),,0.4436138424505869
log10_CO2N2_Henry_selectivity,void_fraction,ASA_m2_g,0.2717653267179242
log10_CO2N2_Henry_selectivity,void_fraction,topo_dia,0.018603051280158156
log10_CO2N2_Henry_selectivity,NASA_m2_g,NASA_m2_cm3,0.014506611031263494
log10_CO2N2_Henry_selectivity,ligand_n_heavy,ligand_MW,0.013237537235810115
log10_CO2N2_Henry_selectivity,NASA_m2_g,ligand_n_aromatic_rings,-0.008058726358680657
log10_CO2N2_Henry_selectivity,void_fraction,NASA_m2_g,-0.0069976877434652085
log10_CO2N2_Henry_selectivity,ligand_n_aromatic_rings,topo_dia,-0.0067295987642702615
log10_CO2N2_Henry_selectivity,ligand_n_heavy,ligand_n_aromatic_rings,-0.0051780886739000165
log10_CO2N2_Henry_selectivity,(higher-order),,0.03951265523373304
log10_PE_VSA_parasitic_energy,void_fraction,ASA_m2_cm3,-0.04413366684234221
log10_PE_VSA_parasitic_energy,void_fraction,ASA_m2_g,0.0411194451212431
log10_PE_VSA_parasitic_energy,NASA_m2_g,NASA_m2_cm3,0.017956676053587306
log10_PE_VSA_parasitic_energy,ASA_m2_g,topo_pcu,0.010894600373042018
log10_PE_VSA_parasitic_energy,void_fraction,ligand_n_aromatic_rings,-0.010491142063714376
log10_PE_VSA_parasitic_energy,NASA_m2_g,ligand_n_aromatic_rings,-0.009769142588464952
log10_PE_VSA_parasitic_energy,LCD_A,ASA_m2_cm3,-0.009493282022178473
log10_PE_VSA_parasitic_energy,void_fraction,LCD_A,-0.009159850057086638
log10_PE_VSA_parasitic_energy,(higher-order),,0.5636202792262787
N2_Qst_Widom,void_fraction,LFPD_A,0.2728381286454844
N2_Qst_Widom,void_fraction,topo_pcu,0.05134716870317668
N2_Qst_Widom,LFPD_A,topo_pcu,-0.013143722915114897
N2_Qst_Widom,NASA_m2_g,NASA_m2_cm3,0.011651585227056671
N2_Qst_Widom,void_fraction,LCD_PLD_ratio,-0.01067607973298057
N2_Qst_Widom,O_coord_ratio,topo_pcu,-0.010630797837601014
N2_Qst_Widom,void_fraction,ligand_n_carboxylate,0.010017647101611571
N2_Qst_Widom,O_coord_ratio,O_mass_frac,-0.009479049726768385
N2_Qst_Widom,(higher-order),,0.06771850771318788
N2_Qst_GCMC_flue_mean,void_fraction,LCD_A,0.0966394160397831
N2_Qst_GCMC_flue_mean,void_fraction,ASA_m2_cm3,0.0617648957993725
N2_Qst_GCMC_flue_mean,NASA_m2_g,NASA_m2_cm3,0.02691220550179607
N2_Qst_GCMC_flue_mean,ligand_MW,ligand_n_aromatic_rings,0.013726180285483447
N2_Qst_GCMC_flue_mean,ligand_MW,ligand_TPSA,0.012145319646660324
N2_Qst_GCMC_flue_mean,ligand_n_aromatic_rings,ligand_TPSA,0.012130844411646136
N2_Qst_GCMC_flue_mean,O_coord_ratio,O_mass_frac,-0.007725016570274468
N2_Qst_GCMC_flue_mean,void_fraction,ligand_n_aromatic_rings,-0.006764198490067375
N2_Qst_GCMC_flue_mean,(higher-order),,0.3359351422168927
N2_ads_0.75bar,void_fraction,ASA_m2_cm3,-0.038579086450751476
N2_ads_0.75bar,ligand_TPSA,ligand_n_aromatic_rings,0.031208539202957852
N2_ads_0.75bar,LCD_A,ASA_m2_cm3,-0.024417652366863996
N2_ads_0.75bar,void_fraction,LCD_A,-0.023679162043353963
N2_ads_0.75bar,ligand_n_aromatic_rings,ligand_n_heavy,0.02242852210482915
N2_ads_0.75bar,NASA_m2_g,NASA_m2_cm3,0.021567285493480526
N2_ads_0.75bar,PLD_A,LCD_A,-0.021052858274171915
N2_ads_0.75bar,PLD_A,ASA_m2_cm3,-0.01290667339685958
N2_ads_0.75bar,(higher-order),,0.08937058334866221
Qst_diff_CO2_N2,void_fraction,ASA_m2_g,0.0697159640775209
Qst_diff_CO2_N2,ligand_n_aromatic_rings,O_mass_frac,0.01755145039649819
Qst_diff_CO2_N2,LCD_PLD_ratio,ASA_m2_cm3,-0.017223536660555205
Qst_diff_CO2_N2,LCD_PLD_ratio,PLD_A,-0.016653531738988092
Qst_diff_CO2_N2,ASA_m2_cm3,PLD_A,-0.015077727483394754
Qst_diff_CO2_N2,LCD_PLD_ratio,catenation,0.014665360151763007
Qst_diff_CO2_N2,void_fraction,LCD_PLD_ratio,-0.013182420663453875
Qst_diff_CO2_N2,void_fraction,PLD_A,-0.012490454743340429
Qst_diff_CO2_N2,(higher-order),,0.014393966775556377
