Target,Feature,spearman_r,spearman_p
log10_CO2_TSA_regen_heat,LCD_A,0.5196140002259424,2.8273199456067928e-18
log10_CO2_TSA_regen_heat,PLD_A,0.5522852418301878,6.953127604276899e-21
log10_CO2_TSA_regen_heat,LFPD_A,0.5200663833506327,2.613001686707959e-18
log10_CO2_TSA_regen_heat,LCD_PLD_ratio,0.044986358414260325,0.48426764300008796
log10_CO2_TSA_regen_heat,pore_vol_cm3_g,-0.32540969675016834,2.0019584863913e-07
log10_CO2_TSA_regen_heat,ASA_m2_cm3,0.08463214598221352,0.1876466602085039
log10_CO2_TSA_regen_heat,ASA_m2_g,0.28204120500296026,7.670987442461473e-06
log10_CO2_TSA_regen_heat,NASA_m2_cm3,-0.1395485895401097,0.02930942527102961
log10_CO2_TSA_regen_heat,NASA_m2_g,-0.1394858026422367,0.0293830184688306
log10_CO2_TSA_regen_heat,void_fraction,0.4236529685281958,4.780304428287308e-12
log10_CO2_TSA_regen_heat,accessible_pore_vol,0.08263063266270883,0.19833679445789074
log10_CO2_TSA_regen_heat,has_oms,0.1632976447476009,0.01062290969998876
log10_CO2_TSA_regen_heat,density_g_cm3,-0.32540969675016834,2.0019584863913e-07
log10_CO2_TSA_regen_heat,uc_volume_A3,0.24604960825479769,0.0001029410724436543
log10_CO2_TSA_regen_heat,C_mass_frac,-0.1323305716942479,0.03887123010434861
log10_CO2_TSA_regen_heat,N_mass_frac,0.148504637835573,0.020303726577658613
log10_CO2_TSA_regen_heat,O_mass_frac,-0.04161594513583315,0.5176292894758472
log10_CO2_TSA_regen_heat,catenation,0.050488409092036446,0.43239187202796725
log10_CO2_TSA_regen_heat,O_coord_ratio,0.026869206846246316,0.6762172180441497
log10_CO2_TSA_regen_heat,shortest_MM_dist,-0.03310581142222518,0.6068221469448217
log10_CO2_TSA_regen_heat,ligand_MW,-0.11829686669549047,0.06505931721324774
log10_CO2_TSA_regen_heat,ligand_LogP,-0.04044197179373454,0.5295211590389213
log10_CO2_TSA_regen_heat,ligand_n_heavy,-0.11272817017701867,0.0788438474590236
log10_CO2_TSA_regen_heat,ligand_n_aromatic_rings,-0.18920847545434552,0.003005231253290698
log10_CO2_TSA_regen_heat,ligand_n_carboxylate,-0.010004943251658703,0.8764400968724368
log10_CO2_TSA_regen_heat,ligand_n_N_hetero,-0.05350011243733942,0.4054071643964766
log10_CO2_TSA_regen_heat,ligand_n_halogen,0.03884040355726842,0.5459640383746849
log10_CO2_TSA_regen_heat,ligand_n_amino,0.23821060280057912,0.00017260007685973228
log10_CO2_TSA_regen_heat,ligand_TPSA,-0.05339728436003154,0.4063116809983577
log10_CO2_TSA_regen_heat,metal_Cu,0.21479625839055755,0.0007314688132254297
log10_CO2_TSA_regen_heat,metal_Mn,-0.005093699167742975,0.9369069029877597
log10_CO2_TSA_regen_heat,metal_Ni,0.031025258567161755,0.6296230032812832
log10_CO2_TSA_regen_heat,metal_Other,-0.20580111376423296,0.001225470921759967
log10_CO2_TSA_regen_heat,metal_Zn,0.046934424907597985,0.4655266753524274
log10_CO2_TSA_regen_heat,metal_Zr,0.05327914698270633,0.4073523407730367
log10_CO2_TSA_regen_heat,topo_dia,-0.07835469557172055,0.22264299247004518
log10_CO2_TSA_regen_heat,topo_error,0.13697562299476274,0.03245743549372252
log10_CO2_TSA_regen_heat,topo_lim,-0.06345254778734347,0.3236103586197412
log10_CO2_TSA_regen_heat,topo_lvt,-0.09026827501537396,0.15982327174794794
log10_CO2_TSA_regen_heat,topo_ntt,0.19641527578400492,0.0020531735179052423
log10_CO2_TSA_regen_heat,topo_pcu,0.15378992743350284,0.016205249559633237
log10_CO2_TSA_regen_heat,topo_pto,0.18748277064674623,0.0032858639486204825
log10_CO2_TSA_regen_heat,topo_pts,-0.13265848702279248,0.038385759925127744
log10_CO2_TSA_regen_heat,topo_tbo,0.0248471141820989,0.6993552768756011
log10_CO2_TSA_regen_heat,topo_tsy,-0.12742896208673354,0.046767915400132754
CO2_Qst_CC_mean,LCD_A,-0.5476622296826399,1.6936906896895623e-20
CO2_Qst_CC_mean,PLD_A,-0.5635079916517386,7.554104977140678e-22
CO2_Qst_CC_mean,LFPD_A,-0.5415791285614002,5.3528884661963594e-20
CO2_Qst_CC_mean,LCD_PLD_ratio,-0.13159161022169247,0.03998427232439196
CO2_Qst_CC_mean,pore_vol_cm3_g,0.5405621189473463,6.4737483089403e-20
CO2_Qst_CC_mean,ASA_m2_cm3,-0.373538932273897,1.6975736529388936e-09
CO2_Qst_CC_mean,ASA_m2_g,-0.565671893928772,4.876141897386963e-22
CO2_Qst_CC_mean,NASA_m2_cm3,0.20270126295482488,0.0014568463829089926
CO2_Qst_CC_mean,NASA_m2_g,0.20236378330906157,0.0014843144914976339
CO2_Qst_CC_mean,void_fraction,-0.6436484506430579,6.146835747070614e-30
CO2_Qst_CC_mean,accessible_pore_vol,-0.09886162298157002,0.1235327645528767
CO2_Qst_CC_mean,has_oms,-0.22524766091495652,0.0003909890673028554
CO2_Qst_CC_mean,density_g_cm3,0.5405621189473463,6.4737483089403e-20
CO2_Qst_CC_mean,uc_volume_A3,-0.3149209539428303,5.104688251978772e-07
CO2_Qst_CC_mean,C_mass_frac,-0.07461897130963592,0.2455525121679696
CO2_Qst_CC_mean,N_mass_frac,-0.05975199929548677,0.352684977942866
CO2_Qst_CC_mean,O_mass_frac,0.020698826771915667,0.7476798410272526
CO2_Qst_CC_mean,catenation,-0.02784662677924552,0.6651393483455013
CO2_Qst_CC_mean,O_coord_ratio,-0.13733676972130116,0.031998911938011486
CO2_Qst_CC_mean,shortest_MM_dist,0.0849623206125179,0.1859245920865501
CO2_Qst_CC_mean,ligand_MW,-0.0164359607681633,0.7983857475202166
CO2_Qst_CC_mean,ligand_LogP,-0.01777992735627563,0.7822969040792174
CO2_Qst_CC_mean,ligand_n_heavy,-0.02548600376773658,0.6920134287891335
CO2_Qst_CC_mean,ligand_n_aromatic_rings,0.02181564878857646,0.7345631727017152
CO2_Qst_CC_mean,ligand_n_carboxylate,-0.12816438201081318,0.045503856500486196
CO2_Qst_CC_mean,ligand_n_N_hetero,0.1280662375218977,0.045670877287885374
CO2_Qst_CC_mean,ligand_n_halogen,0.009064416188741844,0.8879753892079185
CO2_Qst_CC_mean,ligand_n_amino,-0.20260610064782136,0.001464544310742962
CO2_Qst_CC_mean,ligand_TPSA,-0.0697240450013864,0.2779869969189362
CO2_Qst_CC_mean,metal_Cu,-0.2444256957787008,0.00011473427010617648
CO2_Qst_CC_mean,metal_Mn,0.037816865267373996,0.5566025804160715
CO2_Qst_CC_mean,metal_Ni,-0.04121266541383207,0.5216988074837761
CO2_Qst_CC_mean,metal_Other,0.19036163290141572,0.002830010272670789
CO2_Qst_CC_mean,metal_Zn,-0.01595308368192107,0.8041875781736294
CO2_Qst_CC_mean,metal_Zr,-0.04781462896165715,0.457192078439558
CO2_Qst_CC_mean,topo_dia,0.07377256486726495,0.25096367864859903
CO2_Qst_CC_mean,topo_error,-0.06909062979395998,0.2823866847823846
CO2_Qst_CC_mean,topo_lim,0.021972246004493493,0.7327300318984098
CO2_Qst_CC_mean,topo_lvt,0.11661563825291262,0.068995429656916
CO2_Qst_CC_mean,topo_ntt,-0.2338858514092763,0.0002278898076975459
CO2_Qst_CC_mean,topo_pcu,-0.18372617262489174,0.003980399077907502
CO2_Qst_CC_mean,topo_pto,-0.2289631242524322,0.00031074302391976633
CO2_Qst_CC_mean,topo_pts,0.12708216093702576,0.04737411879995817
CO2_Qst_CC_mean,topo_tbo,0.008419271833497506,0.8959017059575917
CO2_Qst_CC_mean,topo_tsy,0.14866715313706344,0.02016542976157839
CO2_Qst_CC_1bar,LCD_A,-0.6091702497635363,3.5581275907516076e-26
CO2_Qst_CC_1bar,PLD_A,-0.5987765841005497,3.955945800906729e-25
CO2_Qst_CC_1bar,LFPD_A,-0.6042490374684749,1.125308057424535e-25
CO2_Qst_CC_1bar,LCD_PLD_ratio,-0.16221123543527916,0.011160342988893242
CO2_Qst_CC_1bar,pore_vol_cm3_g,0.5899615462456992,2.851303003337202e-24
CO2_Qst_CC_1bar,ASA_m2_cm3,-0.38745193280712403,3.6655931829106294e-10
CO2_Qst_CC_1bar,ASA_m2_g,-0.601105287287957,2.3238087180109007e-25
CO2_Qst_CC_1bar,NASA_m2_cm3,0.17090590071508874,0.007458655588162813
CO2_Qst_CC_1bar,NASA_m2_g,0.17047110153711226,0.007613814874794842
CO2_Qst_CC_1bar,void_fraction,-0.6855984107966463,3.194699148558261e-35
CO2_Qst_CC_1bar,accessible_pore_vol,-0.09885100305953086,0.12357328877451938
CO2_Qst_CC_1bar,has_oms,-0.23232952743105648,0.00025154283824258764
CO2_Qst_CC_1bar,density_g_cm3,0.5899615462456992,2.851303003337202e-24
CO2_Qst_CC_1bar,uc_volume_A3,-0.36087678708284787,6.439673447007182e-09
CO2_Qst_CC_1bar,C_mass_frac,-0.08007351301772875,0.21262944787061164
CO2_Qst_CC_1bar,N_mass_frac,-0.06775211970081296,0.29183755185217997
CO2_Qst_CC_1bar,O_mass_frac,0.03929029631082797,0.5413198108940716
CO2_Qst_CC_1bar,catenation,-0.036280889872832095,0.5727533339442641
CO2_Qst_CC_1bar,O_coord_ratio,-0.13288257337894258,0.03805696010493253
CO2_Qst_CC_1bar,shortest_MM_dist,0.0847053760173244,0.1872637134610293
CO2_Qst_CC_1bar,ligand_MW,-0.0400775531634846,0.5332404462266951
CO2_Qst_CC_1bar,ligand_LogP,-0.022466196569062926,0.7269577667393461
CO2_Qst_CC_1bar,ligand_n_heavy,-0.04885208252352164,0.44747633755044824
CO2_Qst_CC_1bar,ligand_n_aromatic_rings,0.011558940937759058,0.8574389205084714
CO2_Qst_CC_1bar,ligand_n_carboxylate,-0.13675799017520449,0.03273644103287911
CO2_Qst_CC_1bar,ligand_n_N_hetero,0.13391304133607046,0.036575440728816036
CO2_Qst_CC_1bar,ligand_n_halogen,0.004613227056000442,0.942847616830794
CO2_Qst_CC_1bar,ligand_n_amino,-0.23083049666631933,0.00027647113437511854
CO2_Qst_CC_1bar,ligand_TPSA,-0.08126376303481454,0.20588734122700098
CO2_Qst_CC_1bar,metal_Cu,-0.24073032057353064,0.00014645335345025374
CO2_Qst_CC_1bar,metal_Mn,0.02392494569542186,0.7100017340610234
CO2_Qst_CC_1bar,metal_Ni,-0.03750814067088717,0.559831028713172
CO2_Qst_CC_1bar,metal_Other,0.2102377140749802,0.0009526138391670061
CO2_Qst_CC_1bar,metal_Zn,-0.03005652205871813,0.6403621192447584
CO2_Qst_CC_1bar,metal_Zr,-0.04963611813481581,0.4402119074616434
CO2_Qst_CC_1bar,topo_dia,0.07560539239387956,0.23934948073800152
CO2_Qst_CC_1bar,topo_error,-0.05313948257750116,0.40858466493495116
CO2_Qst_CC_1bar,topo_lim,0.03306102939804994,0.6073090367373657
CO2_Qst_CC_1bar,topo_lvt,0.11409541033985462,0.07525798793361389
CO2_Qst_CC_1bar,topo_ntt,-0.24103129574986085,0.000143590888666959
CO2_Qst_CC_1bar,topo_pcu,-0.1711059335446077,0.007388224579294246
CO2_Qst_CC_1bar,topo_pto,-0.23060581375161537,0.0002803999609005985
CO2_Qst_CC_1bar,topo_pts,0.12737560061468223,0.046860766025895055
CO2_Qst_CC_1bar,topo_tbo,-0.033471725415417014,0.6028502820985324
CO2_Qst_CC_1bar,topo_tsy,0.13559745729402245,0.03425894254111652
log10_CO2N2_actual_selectivity,LCD_A,-0.6444249305407193,4.992616572510123e-30
log10_CO2N2_actual_selectivity,PLD_A,-0.6444645840025532,4.939790635732755e-30
log10_CO2N2_actual_selectivity,LFPD_A,-0.6401666526972517,1.5505279026397217e-29
log10_CO2N2_actual_selectivity,LCD_PLD_ratio,-0.13535502668601893,0.034584468455312045
log10_CO2N2_actual_selectivity,pore_vol_cm3_g,0.5910187394174695,2.25709829716203e-24
log10_CO2N2_actual_selectivity,ASA_m2_cm3,-0.3355781602497951,7.806196851917373e-08
log10_CO2N2_actual_selectivity,ASA_m2_g,-0.5752717714435212,6.724250334600342e-23
log10_CO2N2_actual_selectivity,NASA_m2_cm3,0.15502196778287433,0.01536091696128469
log10_CO2N2_actual_selectivity,NASA_m2_g,0.15452121838311395,0.01569932924167258
log10_CO2N2_actual_selectivity,void_fraction,-0.6693660702415768,4.48263423299609e-33
log10_CO2N2_actual_selectivity,accessible_pore_vol,-0.1023827122014877,0.11065601382831433
log10_CO2N2_actual_selectivity,has_oms,-0.19080950890663217,0.0027644937353280227
log10_CO2N2_actual_selectivity,density_g_cm3,0.5910187394174695,2.25709829716203e-24
log10_CO2N2_actual_selectivity,uc_volume_A3,-0.3541934684439352,1.2719550249328687e-08
log10_CO2N2_actual_selectivity,C_mass_frac,-0.06854410129272175,0.2862203698830482
log10_CO2N2_actual_selectivity,N_mass_frac,-0.057245207573440614,0.3732847915542299
log10_CO2N2_actual_selectivity,O_mass_frac,0.05706774386275556,0.3747706459844524
log10_CO2N2_actual_selectivity,catenation,-0.02961653864683007,0.6452646466689529
log10_CO2N2_actual_selectivity,O_coord_ratio,-0.13252723569041905,0.03857945585807649
log10_CO2N2_actual_selectivity,shortest_MM_dist,0.05317992380647967,0.40822760641734424
log10_CO2N2_actual_selectivity,ligand_MW,-0.028375782905563637,0.6591719911066078
log10_CO2N2_actual_selectivity,ligand_LogP,-0.03121696482819122,0.6275069048007891
log10_CO2N2_actual_selectivity,ligand_n_heavy,-0.03690902340922605,0.5661218495889264
log10_CO2N2_actual_selectivity,ligand_n_aromatic_rings,0.034104399612794926,0.5960104197053757
log10_CO2N2_actual_selectivity,ligand_n_carboxylate,-0.11542330004954746,0.07190312662603945
log10_CO2N2_actual_selectivity,ligand_n_N_hetero,0.14361681885221217,0.0248652730663611
log10_CO2N2_actual_selectivity,ligand_n_halogen,-0.020923668268639985,0.7450331764506679
log10_CO2N2_actual_selectivity,ligand_n_amino,-0.23156134457772654,0.00026404322079572707
log10_CO2N2_actual_selectivity,ligand_TPSA,-0.05685653594554382,0.3765437590911771
log10_CO2N2_actual_selectivity,metal_Cu,-0.23409004298864264,0.00022494523772484482
log10_CO2N2_actual_selectivity,metal_Mn,-0.016516721627404744,0.7974164650983452
log10_CO2N2_actual_selectivity,metal_Ni,-0.04244951820127387,0.5092697031934974
log10_CO2N2_actual_selectivity,metal_Other,0.2238541443247359,0.0004257611815328955
log10_CO2N2_actual_selectivity,metal_Zn,-0.024277584885704324,0.7059237256136061
log10_CO2N2_actual_selectivity,metal_Zr,-0.05601408319121653,0.3836672779570739
log10_CO2N2_actual_selectivity,topo_dia,0.07904578849563393,0.21857720625498772
log10_CO2N2_actual_selectivity,topo_error,-0.040899886036355734,0.5248663050494178
log10_CO2N2_actual_selectivity,topo_lim,0.056062692527723286,0.3832540369270492
log10_CO2N2_actual_selectivity,topo_lvt,0.10447791175075093,0.10350890752822255
log10_CO2N2_actual_selectivity,topo_ntt,-0.23581414982649268,0.0002014603479530983
log10_CO2N2_actual_selectivity,topo_pcu,-0.16040115481061415,0.012109190960652634
log10_CO2N2_actual_selectivity,topo_pto,-0.22959007416115249,0.00029881871860034406
log10_CO2N2_actual_selectivity,topo_pts,0.1174024920846215,0.0671296835092815
log10_CO2N2_actual_selectivity,topo_tbo,-0.058116271008592256,0.3660443032126762
log10_CO2N2_actual_selectivity,topo_tsy,0.09410587689083971,0.14273361231611334
log10_CO2N2_Henry_selectivity,LCD_A,-0.5132209046338633,8.507073559606676e-18
log10_CO2N2_Henry_selectivity,PLD_A,-0.5605954342878621,1.354800863620752e-21
log10_CO2N2_Henry_selectivity,LFPD_A,-0.5070407351731633,2.4143449504680783e-17
log10_CO2N2_Henry_selectivity,LCD_PLD_ratio,-0.1012692630178969,0.1146087443108652
log10_CO2N2_Henry_selectivity,pore_vol_cm3_g,0.5094498758823504,1.611743530774876e-17
log10_CO2N2_Henry_selectivity,ASA_m2_cm3,-0.3231775770417456,2.450543377083142e-07
log10_CO2N2_Henry_selectivity,ASA_m2_g,-0.5217625119264463,1.9423415851220816e-18
log10_CO2N2_Henry_selectivity,NASA_m2_cm3,0.21254459311285837,0.0008339839568271979
log10_CO2N2_Henry_selectivity,NASA_m2_g,0.21211293327912722,0.0008550895186167615
log10_CO2N2_Henry_selectivity,void_fraction,-0.6010391628397965,2.3593218452200235e-25
log10_CO2N2_Henry_selectivity,accessible_pore_vol,-0.10014165185803929,0.11872342180330663
log10_CO2N2_Henry_selectivity,has_oms,-0.1954758350063609,0.0021593250636833803
log10_CO2N2_Henry_selectivity,density_g_cm3,0.5094498758823504,1.611743530774876e-17
log10_CO2N2_Henry_selectivity,uc_volume_A3,-0.2731443839643326,1.5093900086389766e-05
log10_CO2N2_Henry_selectivity,C_mass_frac,-0.050273606758029145,0.434355179409315
log10_CO2N2_Henry_selectivity,N_mass_frac,-0.06632776904598903,0.30212396495828087
log10_CO2N2_Henry_selectivity,O_mass_frac,0.038327377893596554,0.5512838305775529
log10_CO2N2_Henry_selectivity,catenation,-0.010289016354269043,0.872961030347447
log10_CO2N2_Henry_selectivity,O_coord_ratio,-0.12954997650796918,0.04319995355104937
log10_CO2N2_Henry_selectivity,shortest_MM_dist,0.04192994383517916,0.5144720531432319
log10_CO2N2_Henry_selectivity,ligand_MW,-0.008347010809506986,0.8967901714042871
log10_CO2N2_Henry_selectivity,ligand_LogP,-0.02616580160233966,0.6842329586516276
log10_CO2N2_Henry_selectivity,ligand_n_heavy,-0.017923237936499203,0.7805866266845813
log10_CO2N2_Henry_selectivity,ligand_n_aromatic_rings,0.028951307452986835,0.6527061312235007
log10_CO2N2_Henry_selectivity,ligand_n_carboxylate,-0.09959137785452452,0.12077273209008065
log10_CO2N2_Henry_selectivity,ligand_n_N_hetero,0.11355342138625636,0.07666330378564142
log10_CO2N2_Henry_selectivity,ligand_n_halogen,0.03699069541653687,0.5652622998185769
log10_CO2N2_Henry_selectivity,ligand_n_amino,-0.17734049509477492,0.005469880022542064
log10_CO2N2_Henry_selectivity,ligand_TPSA,-0.05933389412242342,0.356070209989617
log10_CO2N2_Henry_selectivity,metal_Cu,-0.24583651771659187,0.00010442102091141668
log10_CO2N2_Henry_selectivity,metal_Mn,0.07023129220268996,0.2744972831742053
log10_CO2N2_Henry_selectivity,metal_Ni,-0.05109133564635248,0.4269084471891047
log10_CO2N2_Henry_selectivity,metal_Other,0.16456987072498452,0.010022734674643608
log10_CO2N2_Henry_selectivity,metal_Zn,0.006011304411743625,0.9255713008034882
log10_CO2N2_Henry_selectivity,metal_Zr,-0.050546872596005085,0.4318583972167841
log10_CO2N2_Henry_selectivity,topo_dia,0.06644110240674264,0.3012968181823576
log10_CO2N2_Henry_selectivity,topo_error,-0.08021928870774607,0.21179529733802566
log10_CO2N2_Henry_selectivity,topo_lim,0.02813267718964498,0.6619108754179888
log10_CO2N2_Henry_selectivity,topo_lvt,0.09622504486493762,0.13391385485063076
log10_CO2N2_Henry_selectivity,topo_ntt,-0.2291801546717766,0.0003065659828188286
log10_CO2N2_Henry_selectivity,topo_pcu,-0.15965973901932518,0.012517910766799215
log10_CO2N2_Henry_selectivity,topo_pto,-0.2289630296821471,0.00031074485553862384
log10_CO2N2_Henry_selectivity,topo_pts,0.11270099224893543,0.07891650326030543
log10_CO2N2_Henry_selectivity,topo_tbo,0.037578685589087814,0.5590925193298961
log10_CO2N2_Henry_selectivity,topo_tsy,0.1359241981549719,0.03382432811412843
log10_PE_VSA_parasitic_energy,LCD_A,0.7106915199665773,7.846072863296935e-39
log10_PE_VSA_parasitic_energy,PLD_A,0.6887992872628205,1.159829374598733e-35
log10_PE_VSA_parasitic_energy,LFPD_A,0.7103056830067479,8.975673888277682e-39
log10_PE_VSA_parasitic_energy,LCD_PLD_ratio,0.14948822574334497,0.019479135706370908
log10_PE_VSA_parasitic_energy,pore_vol_cm3_g,-0.6235971693710961,1.0809281188579827e-27
log10_PE_VSA_parasitic_energy,ASA_m2_cm3,0.2925425645590364,3.3470638117423852e-06
log10_PE_VSA_parasitic_energy,ASA_m2_g,0.574154501676754,8.496435201066413e-23
log10_PE_VSA_parasitic_energy,NASA_m2_cm3,-0.1083428283351232,0.0912859764466596
log10_PE_VSA_parasitic_energy,NASA_m2_g,-0.10789468638880602,0.09264121792447917
log10_PE_VSA_parasitic_energy,void_fraction,0.6810653342595271,1.3122174008761132e-34
log10_PE_VSA_parasitic_energy,accessible_pore_vol,0.10526735068032529,0.10091252691244802
log10_PE_VSA_parasitic_energy,has_oms,0.1611663471723582,0.011699734146885405
log10_PE_VSA_parasitic_energy,density_g_cm3,-0.6235971693710961,1.0809281188579827e-27
log10_PE_VSA_parasitic_energy,uc_volume_A3,0.38042011303623025,8.026156168774703e-10
log10_PE_VSA_parasitic_energy,C_mass_frac,0.0812362396304047,0.20604148214609105
log10_PE_VSA_parasitic_energy,N_mass_frac,0.03212459610056076,0.6175297685180854
log10_PE_VSA_parasitic_energy,O_mass_frac,-0.0660920898409531,0.3038488385935262
log10_PE_VSA_parasitic_energy,catenation,0.029254488034080903,0.6493103408406098
log10_PE_VSA_parasitic_energy,O_coord_ratio,0.1355867226678631,0.0342733013017874
log10_PE_VSA_parasitic_energy,shortest_MM_dist,-0.061817170249848015,0.3362623612888743
log10_PE_VSA_parasitic_energy,ligand_MW,0.051592103412795076,0.42238490027051356
log10_PE_VSA_parasitic_energy,ligand_LogP,0.0361507308325015,0.574132049975381
log10_PE_VSA_parasitic_energy,ligand_n_heavy,0.05871553986956754,0.36111396086948133
log10_PE_VSA_parasitic_energy,ligand_n_aromatic_rings,-0.03273636162303808,0.6108441367318727
log10_PE_VSA_parasitic_energy,ligand_n_carboxylate,0.10839018384293347,0.09114369714846474
log10_PE_VSA_parasitic_energy,ligand_n_N_hetero,-0.16426524365255865,0.010163642807077572
log10_PE_VSA_parasitic_energy,ligand_n_halogen,0.01040044234331471,0.8715970497255998
log10_PE_VSA_parasitic_energy,ligand_n_amino,0.24838637254599,8.795210370060245e-05
log10_PE_VSA_parasitic_energy,ligand_TPSA,0.051776884438936466,0.42072280803090223
log10_PE_VSA_parasitic_energy,metal_Cu,0.2158714703923103,0.0006867376733157861
log10_PE_VSA_parasitic_energy,metal_Mn,0.059735261013059204,0.3528201110852385
log10_PE_VSA_parasitic_energy,metal_Ni,0.031025290603681914,0.6296226494015158
log10_PE_VSA_parasitic_energy,metal_Other,-0.25223824525143224,6.763032823366628e-05
log10_PE_VSA_parasitic_energy,metal_Zn,0.06327291073609345,0.32498484155170904
log10_PE_VSA_parasitic_energy,metal_Zr,0.06056524671621583,0.3461586221031907
log10_PE_VSA_parasitic_energy,topo_dia,-0.07331441074186712,0.25392695796055775
log10_PE_VSA_parasitic_energy,topo_error,0.005564350620246847,0.9310909950479205
log10_PE_VSA_parasitic_energy,topo_lim,-0.08070186741128978,0.20905068361721624
log10_PE_VSA_parasitic_energy,topo_lvt,-0.10722232570998066,0.09470458602566736
log10_PE_VSA_parasitic_energy,topo_ntt,0.23754596036708092,0.00018019088337547048
log10_PE_VSA_parasitic_energy,topo_pcu,0.14527880283761246,0.02322401917856911
log10_PE_VSA_parasitic_energy,topo_pto,0.22957935818275307,0.00029901890403094685
log10_PE_VSA_parasitic_energy,topo_pts,-0.08892823688847794,0.16613954898164426
log10_PE_VSA_parasitic_energy,topo_tbo,0.12136082351163423,0.05835989137773405
log10_PE_VSA_parasitic_energy,topo_tsy,-0.03561479797421653,0.5798253370924142
N2_Qst_Widom,LCD_A,-0.5929618477627845,1.4656609622055913e-24
N2_Qst_Widom,PLD_A,-0.5955078084664346,8.287300978519967e-25
N2_Qst_Widom,LFPD_A,-0.5873867942511131,5.019676123709604e-24
N2_Qst_Widom,LCD_PLD_ratio,-0.1549178262683337,0.015430766679246706
N2_Qst_Widom,pore_vol_cm3_g,0.5913435683927487,2.100348368088551e-24
N2_Qst_Widom,ASA_m2_cm3,-0.36802266747621937,3.056146570118253e-09
N2_Qst_Widom,ASA_m2_g,-0.5958151080711579,7.7335032996185805e-25
N2_Qst_Widom,NASA_m2_cm3,0.1324457943657031,0.03870005851340832
N2_Qst_Widom,NASA_m2_g,0.13159974109159006,0.039971880738380816
N2_Qst_Widom,void_fraction,-0.6721271695114459,1.976700815229478e-33
N2_Qst_Widom,accessible_pore_vol,-0.11746755406916373,0.06697727730816651
N2_Qst_Widom,has_oms,-0.21514030521804547,0.000716871273363816
N2_Qst_Widom,density_g_cm3,0.5913435683927487,2.100348368088551e-24
N2_Qst_Widom,uc_volume_A3,-0.36125554218463163,6.1930709707085046e-09
N2_Qst_Widom,C_mass_frac,-0.1292474891899065,0.043694376280568506
N2_Qst_Widom,N_mass_frac,-0.09536982270013061,0.13742140283108412
N2_Qst_Widom,O_mass_frac,0.09065200912140069,0.1580482081859558
N2_Qst_Widom,catenation,-0.07609199138496955,0.23633033459365896
N2_Qst_Widom,O_coord_ratio,-0.08177786100952222,0.20302349429046332
N2_Qst_Widom,shortest_MM_dist,0.052948965877368644,0.4102692347720944
N2_Qst_Widom,ligand_MW,-0.09994883229184741,0.11943840748146961
N2_Qst_Widom,ligand_LogP,-0.0919001061772927,0.15237738653839694
N2_Qst_Widom,ligand_n_heavy,-0.10802784091886382,0.09223687479280587
N2_Qst_Widom,ligand_n_aromatic_rings,-0.06701475440771121,0.29713311331952086
N2_Qst_Widom,ligand_n_carboxylate,-0.12117293718831092,0.05875363489557392
N2_Qst_Widom,ligand_n_N_hetero,0.07334932095929982,0.25370031517042374
N2_Qst_Widom,ligand_n_halogen,-0.04569134085333771,0.4774389568082178
N2_Qst_Widom,ligand_n_amino,-0.22507536220892013,0.00039514077077444426
N2_Qst_Widom,ligand_TPSA,-0.0928685516996658,0.14808427419462794
N2_Qst_Widom,metal_Cu,-0.24019282613741896,0.00015169851786269839
N2_Qst_Widom,metal_Mn,0.05047391769292224,0.4325241635136431
N2_Qst_Widom,metal_Ni,-0.012811422533677511,0.842183461308355
N2_Qst_Widom,metal_Other,0.20775319409998044,0.0010976097977471553
N2_Qst_Widom,metal_Zn,-0.06396644438137448,0.31969912818702695
N2_Qst_Widom,metal_Zr,-0.07969101535406208,0.21482936074286474
N2_Qst_Widom,topo_dia,-0.025660011963983365,0.6900187396794089
N2_Qst_Widom,topo_error,-0.05332496070168092,0.4069485851790966
N2_Qst_Widom,topo_lim,0.008008572338658058,0.9009530422097898
N2_Qst_Widom,topo_lvt,0.10264004785593346,0.10975787541801149
N2_Qst_Widom,topo_ntt,-0.2504424960177513,7.648258946088714e-05
N2_Qst_Widom,topo_pcu,-0.20955340746286433,0.0009906815934431657
N2_Qst_Widom,topo_pto,-0.23224859782108373,0.00025283330117226383
N2_Qst_Widom,topo_pts,0.08247129901549702,0.19920644068623206
N2_Qst_Widom,topo_tbo,0.01622249268599966,0.8009492502290835
N2_Qst_Widom,topo_tsy,0.1738261380251083,0.006487605935244849
N2_Qst_GCMC_flue_mean,LCD_A,-0.6576992125650531,1.2965851236508046e-31
N2_Qst_GCMC_flue_mean,PLD_A,-0.6434580974633101,6.467768508521077e-30
N2_Qst_GCMC_flue_mean,LFPD_A,-0.6523938824198602,5.701952613185753e-31
N2_Qst_GCMC_flue_mean,LCD_PLD_ratio,-0.18307302686377844,0.00411385687511061
N2_Qst_GCMC_flue_mean,pore_vol_cm3_g,0.6359808821529224,4.6424746580104157e-29
N2_Qst_GCMC_flue_mean,ASA_m2_cm3,-0.39406159667446405,1.7249836427794596e-10
N2_Qst_GCMC_flue_mean,ASA_m2_g,-0.6350185051063996,5.959604792551726e-29
N2_Qst_GCMC_flue_mean,NASA_m2_cm3,0.11438286328077885,0.07452118024308636
N2_Qst_GCMC_flue_mean,NASA_m2_g,0.11348501027034794,0.07684218752133042
N2_Qst_GCMC_flue_mean,void_fraction,-0.7309357964760277,4.883477134331808e-42
N2_Qst_GCMC_flue_mean,accessible_pore_vol,-0.1206916060684969,0.059772345361747775
N2_Qst_GCMC_flue_mean,has_oms,-0.24271196802133396,0.0001285457472101853
N2_Qst_GCMC_flue_mean,density_g_cm3,0.6359808821529224,4.6424746580104157e-29
N2_Qst_GCMC_flue_mean,uc_volume_A3,-0.4016669365178312,7.096379764870058e-11
N2_Qst_GCMC_flue_mean,C_mass_frac,-0.1070512932040358,0.09523525424454256
N2_Qst_GCMC_flue_mean,N_mass_frac,-0.10066832588792526,0.11678747504893637
N2_Qst_GCMC_flue_mean,O_mass_frac,0.08070307357700146,0.20904385591540003
N2_Qst_GCMC_flue_mean,catenation,-0.0490657240365169,0.44549017138236646
N2_Qst_GCMC_flue_mean,O_coord_ratio,-0.09891136735716644,0.12334308381058161
N2_Qst_GCMC_flue_mean,shortest_MM_dist,0.06538846537577868,0.3090370868849734
N2_Qst_GCMC_flue_mean,ligand_MW,-0.08215110069710413,0.20096245682328026
N2_Qst_GCMC_flue_mean,ligand_LogP,-0.06524142241304672,0.31012863163907983
N2_Qst_GCMC_flue_mean,ligand_n_heavy,-0.09112842499936642,0.1558651179025844
N2_Qst_GCMC_flue_mean,ligand_n_aromatic_rings,-0.04416709369577592,0.49226895498273193
N2_Qst_GCMC_flue_mean,ligand_n_carboxylate,-0.12047193937843112,0.060242072712865344
N2_Qst_GCMC_flue_mean,ligand_n_N_hetero,0.10991386561088036,0.08665961793687442
N2_Qst_GCMC_flue_mean,ligand_n_halogen,-0.004016872116410323,0.9502255038268798
N2_Qst_GCMC_flue_mean,ligand_n_amino,-0.24185305339703908,0.00013603982376061283
N2_Qst_GCMC_flue_mean,ligand_TPSA,-0.09141966687290773,0.15454179966371584
N2_Qst_GCMC_flue_mean,metal_Cu,-0.25450377317819384,5.7833785883402774e-05
N2_Qst_GCMC_flue_mean,metal_Mn,0.03534719973344558,0.5826778835960612
N2_Qst_GCMC_flue_mean,metal_Ni,-0.014046267142984925,0.8272002102283796
N2_Qst_GCMC_flue_mean,metal_Other,0.19958989498206758,0.001728703714433071
N2_Qst_GCMC_flue_mean,metal_Zn,-0.019189945203655093,0.7655163890072492
N2_Qst_GCMC_flue_mean,metal_Zr,-0.0824233298034858,0.19946879912696946
N2_Qst_GCMC_flue_mean,topo_dia,0.08522794968384785,0.18454761941955786
N2_Qst_GCMC_flue_mean,topo_error,-0.05267581990266396,0.41269156454377587
N2_Qst_GCMC_flue_mean,topo_lim,0.010883451203133443,0.865688910029386
N2_Qst_GCMC_flue_mean,topo_lvt,0.10034903753098214,0.11795815098031863
N2_Qst_GCMC_flue_mean,topo_ntt,-0.2567167885800656,4.9566426492428104e-05
N2_Qst_GCMC_flue_mean,topo_pcu,-0.16200777673070998,0.011263617800513593
N2_Qst_GCMC_flue_mean,topo_pto,-0.23594500815849673,0.00019977473831643945
N2_Qst_GCMC_flue_mean,topo_pts,0.07410681816033382,0.2488169624317077
N2_Qst_GCMC_flue_mean,topo_tbo,-0.007187184756786237,0.9110673402902814
N2_Qst_GCMC_flue_mean,topo_tsy,0.1635339022235858,0.010509110195706162
N2_ads_0.75bar,LCD_A,-0.22938576156388238,0.00030265705285042484
N2_ads_0.75bar,PLD_A,-0.2915664964609401,3.620372274520423e-06
N2_ads_0.75bar,LFPD_A,-0.2316265379972679,0.0002629602867349438
N2_ads_0.75bar,LCD_PLD_ratio,0.10103847960890733,0.1154416723623582
N2_ads_0.75bar,pore_vol_cm3_g,-0.07921977210658526,0.21756204428228926
N2_ads_0.75bar,ASA_m2_cm3,0.16895093630454003,0.00817913590391732
N2_ads_0.75bar,ASA_m2_g,0.13381548580965072,0.03671357268734735
N2_ads_0.75bar,NASA_m2_cm3,0.07599183010687247,0.23694959605858457
N2_ads_0.75bar,NASA_m2_g,0.07642584489694838,0.23427445421404433
N2_ads_0.75bar,void_fraction,-0.028873052987527226,0.6535837906772152
N2_ads_0.75bar,accessible_pore_vol,-0.03767614025485063,0.5580730753451397
N2_ads_0.75bar,has_oms,-0.06910074464926949,0.28231606064418185
N2_ads_0.75bar,density_g_cm3,-0.07921977210658526,0.21756204428228926
N2_ads_0.75bar,uc_volume_A3,-0.02355594821665618,0.7142777669444946
N2_ads_0.75bar,C_mass_frac,0.36388185100118364,4.717475559702407e-09
N2_ads_0.75bar,N_mass_frac,-0.230517790063879,0.0002819532768737416
N2_ads_0.75bar,O_mass_frac,-0.021662792626496435,0.7363539713278712
N2_ads_0.75bar,catenation,-0.07749948310247587,0.2277484246097956
N2_ads_0.75bar,O_coord_ratio,0.10391831652976768,0.10538110702591516
N2_ads_0.75bar,shortest_MM_dist,-0.008070353624731965,0.9001929127840969
N2_ads_0.75bar,ligand_MW,0.32017383813959743,3.208581001280799e-07
N2_ads_0.75bar,ligand_LogP,0.16296789394910324,0.010783563161559782
N2_ads_0.75bar,ligand_n_heavy,0.3224234158929353,2.622831151561048e-07
N2_ads_0.75bar,ligand_n_aromatic_rings,0.3827372318391693,6.212162173099565e-10
N2_ads_0.75bar,ligand_n_carboxylate,0.16131821176225125,0.011619938241039424
N2_ads_0.75bar,ligand_n_N_hetero,-0.052868908715152825,0.41097833125550554
N2_ads_0.75bar,ligand_n_halogen,-0.06139180877624241,0.33960429100525125
N2_ads_0.75bar,ligand_n_amino,-0.18282419525287075,0.004165753225170276
N2_ads_0.75bar,ligand_TPSA,0.18167031218454968,0.0044142054185552365
N2_ads_0.75bar,metal_Cu,-0.10353497266553567,0.10667897390500093
N2_ads_0.75bar,metal_Mn,0.009724342807817447,0.8798789645259426
N2_ads_0.75bar,metal_Ni,-0.02377061575244264,0.7117890523909417
N2_ads_0.75bar,metal_Other,0.10511896558262872,0.10139657398852743
N2_ads_0.75bar,metal_Zn,-0.03622199988361335,0.5733769355810108
N2_ads_0.75bar,metal_Zr,-0.039617859970870126,0.5379507620277888
N2_ads_0.75bar,topo_dia,0.07423082554606147,0.24802378925562227
N2_ads_0.75bar,topo_error,-0.2334244603127593,0.00023467626199677206
N2_ads_0.75bar,topo_lim,0.030596884887985523,0.6343624049053449
N2_ads_0.75bar,topo_lvt,0.052236506865746955,0.4166051256195459
N2_ads_0.75bar,topo_ntt,-0.08138953821089924,0.2051840146701793
N2_ads_0.75bar,topo_pcu,-0.11035316886035776,0.08540019135811533
N2_ads_0.75bar,topo_pto,-0.012526241464208835,0.8456520619590522
N2_ads_0.75bar,topo_pts,0.1232668375567826,0.0544873556785673
N2_ads_0.75bar,topo_tbo,0.07043443970858411,0.2731080622605786
N2_ads_0.75bar,topo_tsy,0.116809978406629,0.0685307286123674
Qst_diff_CO2_N2,LCD_A,-0.10399380608675612,0.10512699958832687
Qst_diff_CO2_N2,PLD_A,-0.2254326724801325,0.00038657616037862224
Qst_diff_CO2_N2,LFPD_A,-0.1002285751105852,0.11840219802839287
Qst_diff_CO2_N2,LCD_PLD_ratio,0.07939988926467553,0.21651464830184214
Qst_diff_CO2_N2,pore_vol_cm3_g,0.12943486323199416,0.043387552339714704
Qst_diff_CO2_N2,ASA_m2_cm3,-0.18611313556970016,0.0035252497375479887
Qst_diff_CO2_N2,ASA_m2_g,-0.20727181783902573,0.0011279473513052377
Qst_diff_CO2_N2,NASA_m2_cm3,0.3023977715857798,1.4905891387872038e-06
Qst_diff_CO2_N2,NASA_m2_g,0.30309784636453535,1.4057441601078036e-06
Qst_diff_CO2_N2,void_fraction,-0.25284273960400727,6.487387550833593e-05
Qst_diff_CO2_N2,accessible_pore_vol,-0.012774267845556141,0.8426351955139202
Qst_diff_CO2_N2,has_oms,-0.11097377903432362,0.08364608631444187
Qst_diff_CO2_N2,density_g_cm3,0.12943486323199416,0.043387552339714704
Qst_diff_CO2_N2,uc_volume_A3,0.0348579108714291,0.5879103702216428
Qst_diff_CO2_N2,C_mass_frac,0.036579293234409525,0.5695983899684116
Qst_diff_CO2_N2,N_mass_frac,0.02289292166653178,0.7219834490362984
Qst_diff_CO2_N2,O_mass_frac,-0.13371892502768357,0.036850730795178976
Qst_diff_CO2_N2,catenation,0.07344550086777243,0.25307662370881506
Qst_diff_CO2_N2,O_coord_ratio,-0.15520465704556116,0.01523905179349359
Qst_diff_CO2_N2,shortest_MM_dist,0.003856952416945808,0.9522047198232091
Qst_diff_CO2_N2,ligand_MW,0.1840279071967721,0.003920075033554132
Qst_diff_CO2_N2,ligand_LogP,0.10429562784577512,0.10411585505142706
Qst_diff_CO2_N2,ligand_n_heavy,0.1767829175851049,0.005621129542695052
Qst_diff_CO2_N2,ligand_n_aromatic_rings,0.17872613731707152,0.0051096970081831936
Qst_diff_CO2_N2,ligand_n_carboxylate,-0.050703544824196985,0.4304306457742251
Qst_diff_CO2_N2,ligand_n_N_hetero,0.12436679100725352,0.05235116178122221
Qst_diff_CO2_N2,ligand_n_halogen,0.10506598471544472,0.10156984741602569
Qst_diff_CO2_N2,ligand_n_amino,2.4802498161204176e-05,0.9996924650278589
Qst_diff_CO2_N2,ligand_TPSA,0.0521540968794665,0.41734167992979854
Qst_diff_CO2_N2,metal_Cu,-0.176499990612023,0.005699301850163749
Qst_diff_CO2_N2,metal_Mn,0.11422248650815132,0.07493153695499298
Qst_diff_CO2_N2,metal_Ni,-0.08813654026507353,0.1699578651456011
Qst_diff_CO2_N2,metal_Other,0.04797496696659044,0.45568286657354085
Qst_diff_CO2_N2,metal_Zn,0.02381404805746208,0.7112858966642083
Qst_diff_CO2_N2,metal_Zr,0.07969113055802333,0.21482869570872098
Qst_diff_CO2_N2,topo_dia,0.07629282443417973,0.23509208421889818
Qst_diff_CO2_N2,topo_error,-0.0963560248066326,0.13338279503974151
Qst_diff_CO2_N2,topo_lim,0.0006160449166241908,0.9923615563350563
Qst_diff_CO2_N2,topo_lvt,0.11363736011817763,0.07644427902692648
Qst_diff_CO2_N2,topo_ntt,-0.04269902590542334,0.5067812208706881
Qst_diff_CO2_N2,topo_pcu,-0.19810749932790553,0.0018738884357667354
Qst_diff_CO2_N2,topo_pto,-0.17064444190490086,0.007551616501055479
Qst_diff_CO2_N2,topo_pts,0.11710354404716193,0.06783361284226526
Qst_diff_CO2_N2,topo_tbo,0.04825685180222828,0.4530363389630251
Qst_diff_CO2_N2,topo_tsy,0.16206370131522338,0.011235146996254892
