Target,Feature,beta_std,semipartial,p_value
log10_CO2_TSA_regen_heat,LCD_A,-0.7218684354023385,-0.0649416970362342,0.15242444798194466
log10_CO2_TSA_regen_heat,PLD_A,0.45671745418624365,0.06133673298642419,0.17663080001243908
log10_CO2_TSA_regen_heat,LFPD_A,0.1057882602304891,0.012463000700930258,0.7841307801912327
log10_CO2_TSA_regen_heat,LCD_PLD_ratio,0.0592819947241585,0.015220185518045978,0.7379575761011641
log10_CO2_TSA_regen_heat,pore_vol_cm3_g,0.17380010690105324,0.10098655959271889,0.02550910396082644
log10_CO2_TSA_regen_heat,ASA_m2_cm3,-0.4913540142407541,-0.13735059841883146,0.0022534218965173237
log10_CO2_TSA_regen_heat,ASA_m2_g,-0.19456323134405404,-0.039739235662288354,0.3819849397541156
log10_CO2_TSA_regen_heat,NASA_m2_cm3,0.5004094418884677,0.052545401502449296,0.24734654683748644
log10_CO2_TSA_regen_heat,NASA_m2_g,-0.7709671350450569,-0.0737788362007571,0.1037395643340167
log10_CO2_TSA_regen_heat,void_fraction,1.4420350874924033,0.24250202382219407,3.0410903693553766e-08
log10_CO2_TSA_regen_heat,accessible_pore_vol,-0.016679007661095407,-0.013278469576006709,0.7703876135684433
log10_CO2_TSA_regen_heat,has_oms,0.03013541676511331,0.024037844972955337,0.5971555950908278
log10_CO2_TSA_regen_heat,density_g_cm3,0.17380010690105246,0.10098655959271825,0.02550910396082743
log10_CO2_TSA_regen_heat,uc_volume_A3,0.010547149988192228,0.004464558722464407,0.9218338531769052
log10_CO2_TSA_regen_heat,C_mass_frac,-0.15342353203517417,-0.09887951755524495,0.028784638392295742
log10_CO2_TSA_regen_heat,N_mass_frac,-0.1439753154391724,-0.05780014637133719,0.20303177435781944
log10_CO2_TSA_regen_heat,O_mass_frac,0.10461026897057388,0.044459681238541944,0.327909984572049
log10_CO2_TSA_regen_heat,catenation,-0.11246750892101308,-0.0932675925505449,0.03930878906064047
log10_CO2_TSA_regen_heat,O_coord_ratio,-0.18774813301709017,-0.05906805826084913,0.19325691727190517
log10_CO2_TSA_regen_heat,shortest_MM_dist,0.13189531095997348,0.09128201049930396,0.043737078144887344
log10_CO2_TSA_regen_heat,ligand_MW,-0.23592937305339184,-0.012422851992590802,0.7848091772838266
log10_CO2_TSA_regen_heat,ligand_LogP,-0.2118897394247733,-0.054690675179814706,0.22850485941063275
log10_CO2_TSA_regen_heat,ligand_n_heavy,1.2244765705490646,0.0566926731448488,0.21185792898282943
log10_CO2_TSA_regen_heat,ligand_n_aromatic_rings,-0.6417721989166045,-0.1499574071431338,0.0008295036985267783
log10_CO2_TSA_regen_heat,ligand_n_carboxylate,0.028751311730125226,0.00983819063746022,0.8288021115566544
log10_CO2_TSA_regen_heat,ligand_n_N_hetero,0.0558304367998133,0.029017772408184917,0.5234166353180444
log10_CO2_TSA_regen_heat,ligand_n_halogen,-0.08392765592063417,-0.0582963613001178,0.1991645339145727
log10_CO2_TSA_regen_heat,ligand_n_amino,0.04224089727682717,0.011605595593477683,0.7986530344572309
log10_CO2_TSA_regen_heat,ligand_TPSA,-0.4452319241825628,-0.07257206186082935,0.10955407823918054
log10_CO2_TSA_regen_heat,metal_Cu,0.0867291336370262,0.043024914230315986,0.343798276881231
log10_CO2_TSA_regen_heat,metal_Mn,0.08454209315085422,0.06277489530188471,0.16665371376732824
log10_CO2_TSA_regen_heat,metal_Ni,0.04755800536265978,0.037149303324582515,0.4138329048288072
log10_CO2_TSA_regen_heat,metal_Other,-0.09712407614557622,-0.042921442408274765,0.34496265477410515
log10_CO2_TSA_regen_heat,metal_Zn,-0.10049334144620518,-0.055439730991064105,0.2221713090166384
log10_CO2_TSA_regen_heat,metal_Zr,-0.14372214624587012,-0.07962461957936477,0.0789380909744391
log10_CO2_TSA_regen_heat,topo_dia,-0.01222477931149503,-0.01064637771588697,0.8149818278199987
log10_CO2_TSA_regen_heat,topo_error,0.12946130512609905,0.10679408519583157,0.018086290394705502
log10_CO2_TSA_regen_heat,topo_lim,-0.060435009754124656,-0.052811401156807214,0.24495338245238948
log10_CO2_TSA_regen_heat,topo_lvt,-0.11323584298956788,-0.09674480743673035,0.03246315454201568
log10_CO2_TSA_regen_heat,topo_ntt,0.0523549804527258,0.027713035455372785,0.5422796906619469
log10_CO2_TSA_regen_heat,topo_pcu,0.24430189635891578,0.17684475767132682,7.348525552030898e-05
log10_CO2_TSA_regen_heat,topo_pto,-0.008132179245895823,-0.005366609251580485,0.9061070658634712
log10_CO2_TSA_regen_heat,topo_pts,-0.09682198883051424,-0.07287137754042929,0.10808859884695489
log10_CO2_TSA_regen_heat,topo_tbo,-0.0519477580086275,-0.03882512862208092,0.3930512101930702
log10_CO2_TSA_regen_heat,topo_tsy,-0.031808461716800455,-0.026465022543824854,0.5606319683073752
CO2_Qst_CC_mean,LCD_A,0.33494921258455024,0.03023557650472565,0.40031666559938783
CO2_Qst_CC_mean,PLD_A,-0.020356993582304528,-0.0027465502766731006,0.9391549905830797
CO2_Qst_CC_mean,LFPD_A,-0.3191207009874977,-0.0374994738658046,0.2966610233271521
CO2_Qst_CC_mean,LCD_PLD_ratio,0.15375755082180495,0.03936738437033148,0.27318368495507206
CO2_Qst_CC_mean,pore_vol_cm3_g,-0.05400910379551681,-0.03171825712135582,0.3775718279097703
CO2_Qst_CC_mean,ASA_m2_cm3,0.28046679897005033,0.07928127227684922,0.02661199796787986
CO2_Qst_CC_mean,ASA_m2_g,-0.21959517393162814,-0.04476242601552268,0.21258591203217095
CO2_Qst_CC_mean,NASA_m2_cm3,-0.46589451562900114,-0.04885752958193351,0.1735016832796043
CO2_Qst_CC_mean,NASA_m2_g,0.6541298342825772,0.06253506186456669,0.08103798976775695
CO2_Qst_CC_mean,void_fraction,-0.926671272633636,-0.15978726747647776,5.147619520344943e-06
CO2_Qst_CC_mean,accessible_pore_vol,0.02237446601643562,0.017805523956084913,0.6205995729461502
CO2_Qst_CC_mean,has_oms,-0.010275557262794208,-0.00820112959452737,0.8196938844296805
CO2_Qst_CC_mean,density_g_cm3,-0.05400910379551595,-0.03171825712135526,0.3775718279097787
CO2_Qst_CC_mean,uc_volume_A3,-0.036377399789027876,-0.01539162186683459,0.6687533529000833
CO2_Qst_CC_mean,C_mass_frac,0.07788918519229804,0.050555191957093355,0.15896359506090638
CO2_Qst_CC_mean,N_mass_frac,0.018417154749807214,0.007423320272680187,0.8365424035609377
CO2_Qst_CC_mean,O_mass_frac,-0.21625084228973698,-0.09063818091149246,0.011094868367764289
CO2_Qst_CC_mean,catenation,0.1514650006876019,0.12314321064328086,0.0005106918078596252
CO2_Qst_CC_mean,O_coord_ratio,0.21473344207785922,0.06724550384886636,0.0604828540985921
CO2_Qst_CC_mean,shortest_MM_dist,-0.06380825854618356,-0.04444466937383629,0.21586325590306363
CO2_Qst_CC_mean,ligand_MW,-0.16066481197981175,-0.00846021214230491,0.8140996514854162
CO2_Qst_CC_mean,ligand_LogP,0.08437376349297827,0.021837342651412656,0.5437298166219919
CO2_Qst_CC_mean,ligand_n_heavy,-0.19957020380444662,-0.009274975460345985,0.7965693775453861
CO2_Qst_CC_mean,ligand_n_aromatic_rings,0.3424148397943234,0.0812354369119607,0.02305465561528313
CO2_Qst_CC_mean,ligand_n_carboxylate,-0.12409251142333218,-0.04231831978397094,0.23872567477074869
CO2_Qst_CC_mean,ligand_n_N_hetero,-0.0028133351375238605,-0.0014637278813143665,0.9675513032473646
CO2_Qst_CC_mean,ligand_n_halogen,0.07795779152710608,0.05406445209638945,0.1318390524667805
CO2_Qst_CC_mean,ligand_n_amino,-0.05968004913204687,-0.016391048721031334,0.6486372915838112
CO2_Qst_CC_mean,ligand_TPSA,0.1634997993275813,0.02678585263644757,0.4563012051964531
CO2_Qst_CC_mean,metal_Cu,-0.059031970876295636,-0.02930200060652626,0.41504821404666414
CO2_Qst_CC_mean,metal_Mn,0.0022083764288653406,0.001647732784946143,0.9634748556936833
CO2_Qst_CC_mean,metal_Ni,-0.05516241359623254,-0.043005911658018425,0.23115436672313514
CO2_Qst_CC_mean,metal_Other,0.05086629525389641,0.0225075120764109,0.5314233649967214
CO2_Qst_CC_mean,metal_Zn,0.07447100244945351,0.04110267456350738,0.2525329795188622
CO2_Qst_CC_mean,metal_Zr,0.07976753524929292,0.04436752824587292,0.2166643080144726
CO2_Qst_CC_mean,topo_dia,0.004152937235186088,0.003617139873683926,0.9199252371119238
CO2_Qst_CC_mean,topo_error,-0.10629107096231358,-0.08758564113495704,0.014174244616644028
CO2_Qst_CC_mean,topo_lim,0.016254501013786556,0.01424710371993657,0.6920822993787847
CO2_Qst_CC_mean,topo_lvt,0.08766649324647516,0.07493491943885086,0.03624166283304166
CO2_Qst_CC_mean,topo_ntt,0.008434850263093319,0.004468839689111209,0.9011575086104029
CO2_Qst_CC_mean,topo_pcu,-0.18669131717228948,-0.13548529578648,0.00012500896612751316
CO2_Qst_CC_mean,topo_pto,0.009355834962402108,0.006173884624306687,0.8637603315055573
CO2_Qst_CC_mean,topo_pts,0.125715282479875,0.09359242080888037,0.008692466563320714
CO2_Qst_CC_mean,topo_tbo,0.06191172431718994,0.0461640271842974,0.19855530974815594
CO2_Qst_CC_mean,topo_tsy,0.05919075489047981,0.04905715900636273,0.1717426916408837
CO2_Qst_CC_1bar,LCD_A,0.4752731120313071,0.04280717566777067,0.2079013773096457
CO2_Qst_CC_1bar,PLD_A,-0.12765378440373837,-0.01721206815059026,0.6131999739659981
CO2_Qst_CC_1bar,LFPD_A,-0.3909043738184159,-0.045849714130272626,0.17725072505459064
CO2_Qst_CC_1bar,LCD_PLD_ratio,0.067438162504857,0.01730779870522792,0.611225853732347
CO2_Qst_CC_1bar,pore_vol_cm3_g,-0.03349673473343753,-0.019693955191179047,0.5629528207490198
CO2_Qst_CC_1bar,ASA_m2_cm3,0.2763326840824349,0.07803272637419689,0.021078745424444125
CO2_Qst_CC_1bar,ASA_m2_g,-0.1610120374502731,-0.03287235722091327,0.33390403921774325
CO2_Qst_CC_1bar,NASA_m2_cm3,-0.4963495558336767,-0.05198661539366626,0.12579840610588344
CO2_Qst_CC_1bar,NASA_m2_g,0.6742056177513948,0.06436303342986548,0.05764694830859632
CO2_Qst_CC_1bar,void_fraction,-0.9077601410164755,-0.15597483119458858,2.486715004501852e-06
CO2_Qst_CC_1bar,accessible_pore_vol,0.02241316512741552,0.017834994889432482,0.6004046807750123
CO2_Qst_CC_1bar,has_oms,-0.02401411021640957,-0.01915331514694202,0.573728947192299
CO2_Qst_CC_1bar,density_g_cm3,-0.03349673473343654,-0.019693955191178426,0.562952820749032
CO2_Qst_CC_1bar,uc_volume_A3,-0.021837233759462366,-0.009242099893524258,0.786103660502897
CO2_Qst_CC_1bar,C_mass_frac,0.06829003090705356,0.04435621980840715,0.1918507827239291
CO2_Qst_CC_1bar,N_mass_frac,0.012253507325240783,0.004939235733673931,0.884695132766742
CO2_Qst_CC_1bar,O_mass_frac,-0.21693221783187017,-0.09074451988217518,0.007170737402771556
CO2_Qst_CC_1bar,catenation,0.141390033459336,0.11504593172526965,0.0006071669786489397
CO2_Qst_CC_1bar,O_coord_ratio,0.18196521977281355,0.05708419290140316,0.09256281244685052
CO2_Qst_CC_1bar,shortest_MM_dist,-0.06283309991196225,-0.0437515500547841,0.19800501933780196
CO2_Qst_CC_1bar,ligand_MW,0.17479947327121229,0.009204094933716364,0.7869621449740836
CO2_Qst_CC_1bar,ligand_LogP,0.12907403557822109,0.033356425996047406,0.3268177168983648
CO2_Qst_CC_1bar,ligand_n_heavy,-0.6946942950606776,-0.032217947673500724,0.3436391021210058
CO2_Qst_CC_1bar,ligand_n_aromatic_rings,0.3358580626662877,0.07960420861568998,0.01858876243620235
CO2_Qst_CC_1bar,ligand_n_carboxylate,-0.07284834202683124,-0.024896620652302248,0.4644963722877483
CO2_Qst_CC_1bar,ligand_n_N_hetero,0.0015396100012543962,0.0008010337412711605,0.9812367757524312
CO2_Qst_CC_1bar,ligand_n_halogen,0.0642561781623593,0.044623965276197095,0.1891707604903004
CO2_Qst_CC_1bar,ligand_n_amino,-0.062020302662341896,-0.01703195961541176,0.6169216539338254
CO2_Qst_CC_1bar,ligand_TPSA,0.2800639164087914,0.04573660384428076,0.1783268620934344
CO2_Qst_CC_1bar,metal_Cu,-0.04679761314758293,-0.023240824693114934,0.49476109916791333
CO2_Qst_CC_1bar,metal_Mn,-0.005245870042867983,-0.003913983529291153,0.9085112586377322
CO2_Qst_CC_1bar,metal_Ni,-0.033272227905301086,-0.025995710038153468,0.44498567404843936
CO2_Qst_CC_1bar,metal_Other,0.05184167427678344,0.02293548365835592,0.5004541664577318
CO2_Qst_CC_1bar,metal_Zn,0.07741994783696442,0.04270120750649044,0.20903367296085618
CO2_Qst_CC_1bar,metal_Zr,0.1144505004640772,0.06334298003036934,0.06175985770940346
CO2_Qst_CC_1bar,topo_dia,0.012620300894406591,0.010989457862891423,0.7469274147583335
CO2_Qst_CC_1bar,topo_error,-0.09611901437512593,-0.07930767079208467,0.01903805478819281
CO2_Qst_CC_1bar,topo_lim,0.021398027240877728,0.0187484654111169,0.5818614631420393
CO2_Qst_CC_1bar,topo_lvt,0.09557450694681412,0.08140319556072582,0.01605550585247997
CO2_Qst_CC_1bar,topo_ntt,-0.027964868843650667,-0.014809458699616187,0.6636272797128919
CO2_Qst_CC_1bar,topo_pcu,-0.1839531725410582,-0.133099638450391,6.688292218994798e-05
CO2_Qst_CC_1bar,topo_pto,-0.010463383103336617,-0.0069045482465638075,0.8393474270171549
CO2_Qst_CC_1bar,topo_pts,0.10856732660934276,0.08105922882859722,0.016515164082154518
CO2_Qst_CC_1bar,topo_tbo,0.03443409883292636,0.02574587877482027,0.44937942240778717
CO2_Qst_CC_1bar,topo_tsy,0.030055661231854373,0.024993973859678543,0.4627493443084819
log10_CO2N2_actual_selectivity,LCD_A,0.47116128569063864,0.042445882253205884,0.22040691841923074
log10_CO2N2_actual_selectivity,PLD_A,-0.2744191724239764,-0.03691873985453995,0.2867053489327789
log10_CO2N2_actual_selectivity,LFPD_A,-0.1960270046980851,-0.023072625356542913,0.505904225051754
log10_CO2N2_actual_selectivity,LCD_PLD_ratio,0.03576914553536119,0.009184420156618559,0.7912565711219721
log10_CO2N2_actual_selectivity,pore_vol_cm3_g,-0.0505929510646097,-0.029715343804271342,0.39140645786288875
log10_CO2N2_actual_selectivity,ASA_m2_cm3,0.3094060087068493,0.08713211551903903,0.011364905332330838
log10_CO2N2_actual_selectivity,ASA_m2_g,-0.09050893406615171,-0.018508768810008246,0.5936621402262061
log10_CO2N2_actual_selectivity,NASA_m2_cm3,-0.3535778711503307,-0.03714516580291221,0.2837513992500232
log10_CO2N2_actual_selectivity,NASA_m2_g,0.5472465675467778,0.05241630430182165,0.12981637638344384
log10_CO2N2_actual_selectivity,void_fraction,-1.0439088461486952,-0.17681584960722593,1.316320741198504e-07
log10_CO2N2_actual_selectivity,accessible_pore_vol,0.014408858546400428,0.011470461800290406,0.7409651233447656
log10_CO2N2_actual_selectivity,has_oms,0.0024901935081206583,0.0019877186113659087,0.9543239247980698
log10_CO2N2_actual_selectivity,density_g_cm3,-0.05059295106460806,-0.029715343804270322,0.39140645786290496
log10_CO2N2_actual_selectivity,uc_volume_A3,0.008695135209509236,0.0036805945234260912,0.9155343624949286
log10_CO2N2_actual_selectivity,C_mass_frac,0.09242314689373554,0.05983527661289542,0.08349215805911896
log10_CO2N2_actual_selectivity,N_mass_frac,0.050480408841063834,0.020331415747574116,0.5577945606294216
log10_CO2N2_actual_selectivity,O_mass_frac,-0.1172378087784598,-0.04968741157739662,0.15113470438911902
log10_CO2N2_actual_selectivity,catenation,0.13022397403568883,0.10652451116780134,0.0018875900769970194
log10_CO2N2_actual_selectivity,O_coord_ratio,0.08018177813407014,0.025300464940985326,0.4656684099602316
log10_CO2N2_actual_selectivity,shortest_MM_dist,-0.10939754398555852,-0.07557130674327757,0.02845486617672231
log10_CO2N2_actual_selectivity,ligand_MW,0.6533932917486666,0.034325558596392414,0.3220028561077332
log10_CO2N2_actual_selectivity,ligand_LogP,0.137994585230095,0.03565300784681325,0.30359668626983255
log10_CO2N2_actual_selectivity,ligand_n_heavy,-1.3185039359593969,-0.06080919320524011,0.07854932395017217
log10_CO2N2_actual_selectivity,ligand_n_aromatic_rings,0.44239223448869697,0.10389465011474786,0.0024551584772849176
log10_CO2N2_actual_selectivity,ligand_n_carboxylate,0.0005169099759995271,0.00017689838386660898,0.9959328379471309
log10_CO2N2_actual_selectivity,ligand_n_N_hetero,-0.004504529939125486,-0.0023436090039368,0.9461572614869163
log10_CO2N2_actual_selectivity,ligand_n_halogen,0.030891485992041973,0.02152603922705086,0.5348679092304065
log10_CO2N2_actual_selectivity,ligand_n_amino,0.041117266227083185,0.01129571063149339,0.7447740092934075
log10_CO2N2_actual_selectivity,ligand_TPSA,0.24430139744738194,0.0399450305262421,0.2489134128413561
log10_CO2N2_actual_selectivity,metal_Cu,-0.058776807417302006,-0.029172122632829256,0.40013897269812904
log10_CO2N2_actual_selectivity,metal_Mn,-0.044512430286193415,-0.033135429932578675,0.3391066971446156
log10_CO2N2_actual_selectivity,metal_Ni,-0.056995560431281206,-0.04441136218239373,0.19969371254310167
log10_CO2N2_actual_selectivity,metal_Other,0.08594603179776186,0.037952019477131206,0.2733919195270056
log10_CO2N2_actual_selectivity,metal_Zn,0.07254171556711331,0.04003519214816983,0.24784319311577932
log10_CO2N2_actual_selectivity,metal_Zr,0.13084626352912992,0.07225357967468181,0.036289951471697925
log10_CO2N2_actual_selectivity,topo_dia,0.01150112697640359,0.010015435770222895,0.772862581077568
log10_CO2N2_actual_selectivity,topo_error,-0.09876795155025188,-0.08147419507596732,0.018056380044628492
log10_CO2N2_actual_selectivity,topo_lim,0.04451944962487102,0.038912435009328776,0.26139922522315395
log10_CO2N2_actual_selectivity,topo_lvt,0.0790952129749869,0.0677013274199366,0.04994771985247406
log10_CO2N2_actual_selectivity,topo_ntt,-0.03959796910712537,-0.020960700918632374,0.5456586174735387
log10_CO2N2_actual_selectivity,topo_pcu,-0.18604506786611813,-0.13468980573776923,7.531821710908455e-05
log10_CO2N2_actual_selectivity,topo_pto,-0.007514914830073417,-0.004959180754462042,0.8863643734074165
log10_CO2N2_actual_selectivity,topo_pts,0.0937669649749833,0.07029315848053305,0.04172575969480087
log10_CO2N2_actual_selectivity,topo_tbo,0.019152620255162556,0.014334701304610996,0.6794934788429108
log10_CO2N2_actual_selectivity,topo_tsy,0.02462387072832353,0.020486827308764763,0.5547853220342644
log10_CO2N2_Henry_selectivity,LCD_A,0.13974248784925852,0.012634287075216324,0.7690961297199301
log10_CO2N2_Henry_selectivity,PLD_A,-0.007941653637833168,-0.0010714960651183134,0.9801399289106867
log10_CO2N2_Henry_selectivity,LFPD_A,-0.04855744405353324,-0.005721422813776081,0.8942522577612733
log10_CO2N2_Henry_selectivity,LCD_PLD_ratio,0.16918739082539846,0.043338187385321476,0.31338047723933193
log10_CO2N2_Henry_selectivity,pore_vol_cm3_g,-0.03922611676705892,-0.023065227800854175,0.5919189418744656
log10_CO2N2_Henry_selectivity,ASA_m2_cm3,0.28951005137882574,0.08209568826633781,0.05533942272470866
log10_CO2N2_Henry_selectivity,ASA_m2_g,-0.22461970846506654,-0.045834934784734715,0.2862435359714294
log10_CO2N2_Henry_selectivity,NASA_m2_cm3,-0.4032338710583092,-0.04238078790213878,0.32421810255594885
log10_CO2N2_Henry_selectivity,NASA_m2_g,0.5803235455374287,0.05567104417790261,0.19492726198164614
log10_CO2N2_Henry_selectivity,void_fraction,-0.9175716795159259,-0.16076539564960854,0.00014241055083039184
log10_CO2N2_Henry_selectivity,accessible_pore_vol,0.006542949429189572,0.005209894511146427,0.9036587391212761
log10_CO2N2_Henry_selectivity,has_oms,0.000176457181288385,0.00014085255859154142,0.997389049132796
log10_CO2N2_Henry_selectivity,density_g_cm3,-0.03922611676705712,-0.02306522780085307,0.5919189418744834
log10_CO2N2_Henry_selectivity,uc_volume_A3,-0.0875056191832428,-0.036972365177188715,0.38991796590493033
log10_CO2N2_Henry_selectivity,C_mass_frac,0.15720456241767794,0.10110724817596821,0.017995220397134346
log10_CO2N2_Henry_selectivity,N_mass_frac,0.12476408422605936,0.05012058879992237,0.24343659382416488
log10_CO2N2_Henry_selectivity,O_mass_frac,-0.15332568688722872,-0.06494440928910528,0.1302249161470872
log10_CO2N2_Henry_selectivity,catenation,0.1663563255917162,0.13588425497231899,0.0013833843144955315
log10_CO2N2_Henry_selectivity,O_coord_ratio,0.2565281899458752,0.08033577832621445,0.06082715834993472
log10_CO2N2_Henry_selectivity,shortest_MM_dist,-0.042837473452659446,-0.029917053360486535,0.48675842988194473
log10_CO2N2_Henry_selectivity,ligand_MW,0.2994036393689088,0.015762708820616332,0.7141646726404889
log10_CO2N2_Henry_selectivity,ligand_LogP,0.03822488686329287,0.009901152051588532,0.8180580998079424
log10_CO2N2_Henry_selectivity,ligand_n_heavy,-0.6314232121838447,-0.029315687085932143,0.4955695371881115
log10_CO2N2_Henry_selectivity,ligand_n_aromatic_rings,0.433929432354715,0.1027845912345658,0.016148503186913913
log10_CO2N2_Henry_selectivity,ligand_n_carboxylate,-0.06355941817533087,-0.02173743550503203,0.6134341595614454
log10_CO2N2_Henry_selectivity,ligand_n_N_hetero,0.001363757348264008,0.0007095410059392835,0.9868479724698057
log10_CO2N2_Henry_selectivity,ligand_n_halogen,0.07505935196569671,0.05215945604649585,0.22472296905538874
log10_CO2N2_Henry_selectivity,ligand_n_amino,0.04795494329235861,0.013174562369856464,0.7595181368638957
log10_CO2N2_Henry_selectivity,ligand_TPSA,-0.01228170206273324,-0.0020149048593478837,0.9626636468648623
log10_CO2N2_Henry_selectivity,metal_Cu,-0.07951673604978034,-0.03945238435672043,0.35885079423309907
log10_CO2N2_Henry_selectivity,metal_Mn,-0.0070721974790899506,-0.005276595970110301,0.9024313779888613
log10_CO2N2_Henry_selectivity,metal_Ni,-0.061038912244833696,-0.04761223344677689,0.26791525541198385
log10_CO2N2_Henry_selectivity,metal_Other,-0.014791890435418543,-0.006551280842214561,0.8790239321992085
log10_CO2N2_Henry_selectivity,metal_Zn,0.11955586244016614,0.06581237301659702,0.1251379417318826
log10_CO2N2_Henry_selectivity,metal_Zr,0.042694768967443744,0.02382071786190376,0.5798327134899172
log10_CO2N2_Henry_selectivity,topo_dia,0.1640057302946309,0.13902601527378106,0.0010601125752361864
log10_CO2N2_Henry_selectivity,topo_error,-0.09783773650947601,-0.08111782983596237,0.058335703272520724
log10_CO2N2_Henry_selectivity,topo_lim,0.023770896176687078,0.020831151380444,0.6283130192043035
log10_CO2N2_Henry_selectivity,topo_lvt,0.08107404208126316,0.06960805717663236,0.10467796432229594
log10_CO2N2_Henry_selectivity,topo_ntt,0.0715390095867421,0.03782913335127851,0.3790063893728153
log10_CO2N2_Henry_selectivity,topo_pcu,-0.06854605297740009,-0.05144583161239337,0.23115329363980555
log10_CO2N2_Henry_selectivity,topo_pto,0.0491568207194897,0.032394291102326285,0.4513648817959076
log10_CO2N2_Henry_selectivity,topo_pts,0.11231279134218922,0.08425520293868624,0.049171654241672094
log10_CO2N2_Henry_selectivity,topo_tbo,0.12360846295151949,0.09148953636387493,0.03252490359853591
log10_CO2N2_Henry_selectivity,topo_tsy,0.04170556929562086,0.03467219771831626,0.4201356991754247
log10_PE_VSA_parasitic_energy,LCD_A,-0.7126651464544492,-0.06376830012083125,0.040855267085458745
log10_PE_VSA_parasitic_energy,PLD_A,0.17762199022763547,0.02392960158274055,0.444924968754959
log10_PE_VSA_parasitic_energy,LFPD_A,0.497354303047114,0.05809311747389382,0.0627014459999635
log10_PE_VSA_parasitic_energy,LCD_PLD_ratio,-0.03919987648330722,-0.010064484714458106,0.7481410033296167
log10_PE_VSA_parasitic_energy,pore_vol_cm3_g,0.07825261771532258,0.04579710150037135,0.1429524942715711
log10_PE_VSA_parasitic_energy,ASA_m2_cm3,-0.524343215962815,-0.14205922626348855,3.2056386081005734e-06
log10_PE_VSA_parasitic_energy,ASA_m2_g,0.2946322478181702,0.059737867464140504,0.05555781329865677
log10_PE_VSA_parasitic_energy,NASA_m2_cm3,0.29953399979468803,0.03147858625651719,0.31468733801480586
log10_PE_VSA_parasitic_energy,NASA_m2_g,-0.49290704517924355,-0.047213149258505505,0.13093155659975086
log10_PE_VSA_parasitic_energy,void_fraction,1.016491093053946,0.17036823342906465,1.537679677130639e-08
log10_PE_VSA_parasitic_energy,accessible_pore_vol,-0.011928271155827515,-0.009496160941604848,0.7619236041832966
log10_PE_VSA_parasitic_energy,has_oms,-0.01596590227774217,-0.012739056017432724,0.6844107561088072
log10_PE_VSA_parasitic_energy,density_g_cm3,0.0782526177153208,0.045797101500370224,0.1429524942715809
log10_PE_VSA_parasitic_energy,uc_volume_A3,-0.05393786559270691,-0.022801599674281685,0.4667089652529768
log10_PE_VSA_parasitic_energy,C_mass_frac,-0.04100056031322884,-0.026696903329817046,0.39399289785617475
log10_PE_VSA_parasitic_energy,N_mass_frac,-0.012308943903557067,-0.004961531033011679,0.8742407951805071
log10_PE_VSA_parasitic_energy,O_mass_frac,0.09414207263037733,0.03994255382407997,0.20167939898037923
log10_PE_VSA_parasitic_energy,catenation,-0.09164738611342518,-0.07568137908440602,0.015000052970958848
log10_PE_VSA_parasitic_energy,O_coord_ratio,0.01184443022067587,0.00374228184831345,0.9049757945597297
log10_PE_VSA_parasitic_energy,shortest_MM_dist,0.13296363729778155,0.09096996918943691,0.003349350671730836
log10_PE_VSA_parasitic_energy,ligand_MW,-0.4811353769488381,-0.025297140309064128,0.4193038548077257
log10_PE_VSA_parasitic_energy,ligand_LogP,-0.050933418270110026,-0.013188816834099299,0.6738952293599689
log10_PE_VSA_parasitic_energy,ligand_n_heavy,1.046419368973797,0.04834649938362728,0.1218835800182457
log10_PE_VSA_parasitic_energy,ligand_n_aromatic_rings,-0.4291048046025261,-0.10042618768721157,0.0011680064083710558
log10_PE_VSA_parasitic_energy,ligand_n_carboxylate,-0.07352817224356632,-0.025122075875041026,0.42253483835663075
log10_PE_VSA_parasitic_energy,ligand_n_N_hetero,0.0010832715209996195,0.000563608669455943,0.9856558480720127
log10_PE_VSA_parasitic_energy,ligand_n_halogen,-0.03748346613822135,-0.026099074440900046,0.4046888013203941
log10_PE_VSA_parasitic_energy,ligand_n_amino,-0.1504720934492896,-0.041167775615896754,0.18813483214531343
log10_PE_VSA_parasitic_energy,ligand_TPSA,-0.104330564005932,-0.01710339927030523,0.5852086944108403
log10_PE_VSA_parasitic_energy,metal_Cu,0.026904357596667927,0.013370968528885443,0.6696542574760884
log10_PE_VSA_parasitic_energy,metal_Mn,0.05934247694465919,0.04405541801726445,0.15886886876259196
log10_PE_VSA_parasitic_energy,metal_Ni,0.014769503330507631,0.011552546939873452,0.7124399020288144
log10_PE_VSA_parasitic_energy,metal_Other,-0.09562771852187898,-0.042161294877520794,0.17765039395140786
log10_PE_VSA_parasitic_energy,metal_Zn,-0.054704180952074445,-0.03022167923122813,0.33444871105214347
log10_PE_VSA_parasitic_energy,metal_Zr,-0.12407392592962502,-0.06843739537769065,0.02805484772199734
log10_PE_VSA_parasitic_energy,topo_dia,-0.00976775978782022,-0.008506189493830613,0.7861092183561684
log10_PE_VSA_parasitic_energy,topo_error,0.08016997446640033,0.06631107182055081,0.033381188610735996
log10_PE_VSA_parasitic_energy,topo_lim,-0.04247461241760548,-0.037111497069728994,0.23564272577422749
log10_PE_VSA_parasitic_energy,topo_lvt,-0.05390271850370407,-0.04633061341498437,0.13832842919045013
log10_PE_VSA_parasitic_energy,topo_ntt,0.08949307088214711,0.04714362047743349,0.13150302468744324
log10_PE_VSA_parasitic_energy,topo_pcu,0.173621583737804,0.1253744568607378,4.4164662151168896e-05
log10_PE_VSA_parasitic_energy,topo_pto,0.006743022841544495,0.00444980321650599,0.8871202968029244
log10_PE_VSA_parasitic_energy,topo_pts,-0.07741013769928815,-0.05813071300361628,0.06253012096467858
log10_PE_VSA_parasitic_energy,topo_tbo,0.03055070426983543,0.0228446601491977,0.46586674356372015
log10_PE_VSA_parasitic_energy,topo_tsy,-0.009922817556714474,-0.008261530748749564,0.7921190847371576
N2_Qst_Widom,LCD_A,-0.05686264208168873,-0.0051419489446180135,0.9031134078508769
N2_Qst_Widom,PLD_A,0.08203063253568854,0.011065751592198409,0.7933322624945467
N2_Qst_Widom,LFPD_A,-0.24611452535160383,-0.028965918316741564,0.49263091446721186
N2_Qst_Widom,LCD_PLD_ratio,0.19922746536662375,0.0509756015836174,0.22666003705120952
N2_Qst_Widom,pore_vol_cm3_g,-0.044852647072790845,-0.026366814251225952,0.532299349864218
N2_Qst_Widom,ASA_m2_cm3,0.1356876534765542,0.03875310711018419,0.35840965391083723
N2_Qst_Widom,ASA_m2_g,-0.07766245436433111,-0.01588746408244519,0.7067854887054065
N2_Qst_Widom,NASA_m2_cm3,-0.2894227208883648,-0.030453761355836103,0.47065162311315767
N2_Qst_Widom,NASA_m2_g,0.4041543151681398,0.03885270884980309,0.3571730180197705
N2_Qst_Widom,void_fraction,-0.7371089456043226,-0.13067865066329276,0.0017344291812397361
N2_Qst_Widom,accessible_pore_vol,0.03024092970146565,0.024060774756776038,0.5687904064779588
N2_Qst_Widom,has_oms,0.008338003027449498,0.006655185581166375,0.8748072153210307
N2_Qst_Widom,density_g_cm3,-0.044852647072791255,-0.02636681425122614,0.5322993498642152
N2_Qst_Widom,uc_volume_A3,0.027325270662911266,0.011564744759137895,0.7842367649057987
N2_Qst_Widom,C_mass_frac,-0.01405680426048445,-0.009168636052473488,0.8281576322345471
N2_Qst_Widom,N_mass_frac,-0.009968064674656593,-0.00401812423649992,0.9242167821254431
N2_Qst_Widom,O_mass_frac,-0.2092228534946708,-0.08814795466837584,0.03586456406619228
N2_Qst_Widom,catenation,0.04268274989221772,0.03571399275897577,0.39741917390846704
N2_Qst_Widom,O_coord_ratio,0.2392051661792216,0.07497508779048985,0.07473494447369232
N2_Qst_Widom,shortest_MM_dist,-0.024877137149819893,-0.017387646044211256,0.6805504432128844
N2_Qst_Widom,ligand_MW,-1.0195049486155938,-0.053473858563775026,0.20462052279870127
N2_Qst_Widom,ligand_LogP,-0.0592000902858479,-0.015331166445394591,0.7166045252001532
N2_Qst_Widom,ligand_n_heavy,1.0133964368269068,0.04695767384480611,0.2655373978980746
N2_Qst_Widom,ligand_n_aromatic_rings,0.16650887656495394,0.039932198157422924,0.3439417956831764
N2_Qst_Widom,ligand_n_carboxylate,-0.2146068048682598,-0.07288767312815533,0.08325836015559607
N2_Qst_Widom,ligand_n_N_hetero,-0.03165183753151482,-0.01646162052097274,0.6967017722939692
N2_Qst_Widom,ligand_n_halogen,0.06956834402690772,0.04836313192529299,0.25145070954700216
N2_Qst_Widom,ligand_n_amino,-0.10192783840263664,-0.027977944537323655,0.5075220236195668
N2_Qst_Widom,ligand_TPSA,0.06050121733089571,0.00992434406642295,0.8142408018852232
N2_Qst_Widom,metal_Cu,-0.06955750752565443,-0.03452618620749989,0.4133311051638442
N2_Qst_Widom,metal_Mn,0.0382947067545567,0.02853988829997891,0.49902355067247395
N2_Qst_Widom,metal_Ni,-0.052898906914698306,-0.041290946067025894,0.3277353521042643
N2_Qst_Widom,metal_Other,0.06071938191937499,0.02686644105032357,0.52455114600989
N2_Qst_Widom,metal_Zn,0.005349604608526683,0.002962365147102333,0.9440906204213159
N2_Qst_Widom,metal_Zr,0.044554986090093375,0.02485606993157194,0.5560724355237279
N2_Qst_Widom,topo_dia,-0.15011457229386901,-0.1276902070779624,0.002221412096298617
N2_Qst_Widom,topo_error,-0.10240919397408918,-0.08480318961840087,0.04359271896714721
N2_Qst_Widom,topo_lim,0.013668220037805046,0.011982539171353626,0.7766437097981101
N2_Qst_Widom,topo_lvt,0.06788335047576619,0.05838814125372167,0.1658629899783424
N2_Qst_Widom,topo_ntt,-0.006052738291352555,-0.0032068593855989077,0.9394846813864159
N2_Qst_Widom,topo_pcu,-0.23213776335633896,-0.16773467674020767,5.0314852844541034e-05
N2_Qst_Widom,topo_pto,-0.0003732838926541193,-0.000246347149490603,0.9953468791326894
N2_Qst_Widom,topo_pts,0.10961245105778913,0.08223823843639098,0.05042485736762938
N2_Qst_Widom,topo_tbo,0.09749930471775599,0.07245865470341933,0.08510344412899055
N2_Qst_Widom,topo_tsy,0.0911112617586305,0.07525852914158968,0.07363417258676853
N2_Qst_GCMC_flue_mean,LCD_A,0.22166545080182148,0.02002688598654558,0.5455931376505869
N2_Qst_GCMC_flue_mean,PLD_A,-0.18749386171926924,-0.02525969711005597,0.4457594576255687
N2_Qst_GCMC_flue_mean,LFPD_A,-0.11330295255061118,-0.013345370608606431,0.6872159174321806
N2_Qst_GCMC_flue_mean,LCD_PLD_ratio,0.05287445963689634,0.013573184811531573,0.6821637314731934
N2_Qst_GCMC_flue_mean,pore_vol_cm3_g,-0.02393336281297253,-0.014076794517372766,0.6710456004143845
N2_Qst_GCMC_flue_mean,ASA_m2_cm3,0.19919928376250495,0.056591810174539105,0.08663321134350527
N2_Qst_GCMC_flue_mean,ASA_m2_g,-0.10017943481292987,-0.02048130294602932,0.5365070866102418
N2_Qst_GCMC_flue_mean,NASA_m2_cm3,-0.3568284066409898,-0.037474042281948255,0.2575415296622489
N2_Qst_GCMC_flue_mean,NASA_m2_g,0.51790695208734,0.04961141919144352,0.13341173751742388
N2_Qst_GCMC_flue_mean,void_fraction,-0.9241583148655026,-0.1580057381943828,8.959373355141285e-07
N2_Qst_GCMC_flue_mean,accessible_pore_vol,0.01273251635191306,0.010136380558502921,0.7597624897228705
N2_Qst_GCMC_flue_mean,has_oms,-0.013803283771159316,-0.011015048647750575,0.7396571764583688
N2_Qst_GCMC_flue_mean,density_g_cm3,-0.023933362812972397,-0.014076794517372662,0.6710456004143868
N2_Qst_GCMC_flue_mean,uc_volume_A3,-0.046965448192388154,-0.0198626614385524,0.548895335853461
N2_Qst_GCMC_flue_mean,C_mass_frac,0.08864254926628312,0.057384252429245844,0.08227988011531501
N2_Qst_GCMC_flue_mean,N_mass_frac,0.03628483706340404,0.014619540457504902,0.6591430193335321
N2_Qst_GCMC_flue_mean,O_mass_frac,-0.20352429846294395,-0.08524457360599208,0.009503858546765437
N2_Qst_GCMC_flue_mean,catenation,0.10238520723768091,0.08440422909091393,0.01024716503671218
N2_Qst_GCMC_flue_mean,O_coord_ratio,0.24975102524356163,0.07780426649594031,0.018097753965476315
N2_Qst_GCMC_flue_mean,shortest_MM_dist,-0.029528942172364556,-0.020627593683684137,0.5335981683127187
N2_Qst_GCMC_flue_mean,ligand_MW,-0.3306248895731014,-0.017400179355449127,0.5995501693613308
N2_Qst_GCMC_flue_mean,ligand_LogP,0.075506387851125,0.0195433484255597,0.5553439106989403
N2_Qst_GCMC_flue_mean,ligand_n_heavy,0.00468577982790952,0.0002178070658423944,0.9947579465592004
N2_Qst_GCMC_flue_mean,ligand_n_aromatic_rings,0.2660740627915763,0.06336062112775177,0.05483256054213358
N2_Qst_GCMC_flue_mean,ligand_n_carboxylate,-0.1263682951412459,-0.04306100698686538,0.1930172700342367
N2_Qst_GCMC_flue_mean,ligand_n_N_hetero,-0.0008612885483823829,-0.00044811467489379303,0.9892152862451251
N2_Qst_GCMC_flue_mean,ligand_n_halogen,0.0828615661478162,0.057356896347468496,0.08242717186118252
N2_Qst_GCMC_flue_mean,ligand_n_amino,-0.09561518217694648,-0.026232711781744956,0.4284063315219422
N2_Qst_GCMC_flue_mean,ligand_TPSA,0.17482832962446274,0.028627853503584846,0.38739075364499964
N2_Qst_GCMC_flue_mean,metal_Cu,-0.08376877579810901,-0.041485274937838636,0.20988677176208662
N2_Qst_GCMC_flue_mean,metal_Mn,0.008532864898549288,0.00636605386711531,0.8477138125127941
N2_Qst_GCMC_flue_mean,metal_Ni,-0.04952714728949202,-0.03861956168575934,0.24323073523411737
N2_Qst_GCMC_flue_mean,metal_Other,0.009372208115313963,0.004150999612334047,0.9003539086029351
N2_Qst_GCMC_flue_mean,metal_Zn,0.05579613536542176,0.030829997754826966,0.3518588695176935
N2_Qst_GCMC_flue_mean,metal_Zr,0.07982125795505093,0.04436674770378856,0.17980515237021052
N2_Qst_GCMC_flue_mean,topo_dia,0.015313296144312025,0.013332507349522314,0.687501599565902
N2_Qst_GCMC_flue_mean,topo_error,-0.09627775165157276,-0.07937436567355992,0.01586458872869778
N2_Qst_GCMC_flue_mean,topo_lim,0.011804266965500701,0.01034801996710058,0.754904515189168
N2_Qst_GCMC_flue_mean,topo_lvt,0.08323156532195403,0.07109580073929572,0.03098504443947761
N2_Qst_GCMC_flue_mean,topo_ntt,0.021984467401897696,0.011644333145737776,0.725364994622363
N2_Qst_GCMC_flue_mean,topo_pcu,-0.14723444391735996,-0.10789088092848802,0.0009680993819552276
N2_Qst_GCMC_flue_mean,topo_pto,0.007577036723844716,0.005000146260197848,0.88010980126807
N2_Qst_GCMC_flue_mean,topo_pts,0.09907234469277698,0.07409871911951821,0.024478072085149797
N2_Qst_GCMC_flue_mean,topo_tbo,0.07652841892944355,0.05687359430210027,0.08506453805412387
N2_Qst_GCMC_flue_mean,topo_tsy,0.07141437215233554,0.05898996866262048,0.07399872305439377
N2_ads_0.75bar,LCD_A,0.8388519166031789,0.07542872748329457,0.13425830191583027
N2_ads_0.75bar,PLD_A,-0.9188587216161208,-0.12212522536524074,0.014851469208210167
N2_ads_0.75bar,LFPD_A,0.2440085103441123,0.028728747717891485,0.5693734165237732
N2_ads_0.75bar,LCD_PLD_ratio,-0.3385608897668097,-0.08630255383613299,0.08635957919015162
N2_ads_0.75bar,pore_vol_cm3_g,-0.18073914212933617,-0.10517937492798683,0.03627299179107498
N2_ads_0.75bar,ASA_m2_cm3,0.45807638604371326,0.12892823722695712,0.010055116095786867
N2_ads_0.75bar,ASA_m2_g,0.21703356446307437,0.044327945280350695,0.37971697301988216
N2_ads_0.75bar,NASA_m2_cm3,-0.47820554770322343,-0.05025786230275239,0.3191496328467482
N2_ads_0.75bar,NASA_m2_g,0.6544070562271673,0.06279834399400823,0.21288611493555307
N2_ads_0.75bar,void_fraction,-1.0701458071636685,-0.18757923047878852,0.0001560457397633246
N2_ads_0.75bar,accessible_pore_vol,0.014383141263292917,0.01145166683559873,0.8206396419192195
N2_ads_0.75bar,has_oms,-0.0733747422569998,-0.05837123211873761,0.24705154572953034
N2_ads_0.75bar,density_g_cm3,-0.18073914212933795,-0.10517937492798764,0.03627299179107353
N2_ads_0.75bar,uc_volume_A3,-0.08676760503458351,-0.03668014919889716,0.4674457003482181
N2_ads_0.75bar,C_mass_frac,0.1673181415427547,0.10787960817683098,0.03169494262850053
N2_ads_0.75bar,N_mass_frac,0.08063903644393089,0.0324722928530625,0.5201012843290345
N2_ads_0.75bar,O_mass_frac,-0.21773569068448656,-0.09198084903207736,0.06744594002096564
N2_ads_0.75bar,catenation,-0.009584043853123485,-0.008033306513120566,0.8736375954232887
N2_ads_0.75bar,O_coord_ratio,0.39146874595919634,0.12185426978991123,0.015078252147209006
N2_ads_0.75bar,shortest_MM_dist,-0.010962255582250419,-0.00766480945968742,0.8793889090074148
N2_ads_0.75bar,ligand_MW,-0.6248032480183375,-0.03286990859902783,0.5149990787189429
N2_ads_0.75bar,ligand_LogP,0.30948769243514307,0.0796688870079964,0.11359828560766057
N2_ads_0.75bar,ligand_n_heavy,-0.3148009864180893,-0.014629651299971675,0.7720819478130321
N2_ads_0.75bar,ligand_n_aromatic_rings,0.44404507362565665,0.1055464330848157,0.03561957623205389
N2_ads_0.75bar,ligand_n_carboxylate,-0.052488371299541814,-0.017956971281009308,0.7221778975034916
N2_ads_0.75bar,ligand_n_N_hetero,0.002526263681947076,0.001314372998316146,0.9792409588534137
N2_ads_0.75bar,ligand_n_halogen,0.03407319307652265,0.023752993478127673,0.6380920542331461
N2_ads_0.75bar,ligand_n_amino,-0.16094947091346912,-0.04414221756999958,0.38172068872302756
N2_ads_0.75bar,ligand_TPSA,0.5697061889786011,0.09266535211387195,0.06541412360427008
N2_ads_0.75bar,metal_Cu,-0.18320603102860514,-0.09035116300111098,0.07249121555635889
N2_ads_0.75bar,metal_Mn,-0.001261753051528934,-0.0009414341918697764,0.9851302964618116
N2_ads_0.75bar,metal_Ni,-0.07302214253676209,-0.0569526068145414,0.2587646879490479
N2_ads_0.75bar,metal_Other,-0.05287444058054063,-0.023406559887187237,0.64300309686191
N2_ads_0.75bar,metal_Zn,0.08189235950551621,0.04525654046365807,0.36979544048880775
N2_ads_0.75bar,metal_Zr,0.17932881268121043,0.09914924268582778,0.04854395827904189
N2_ads_0.75bar,topo_dia,0.10879954540866751,0.093931781298014,0.0617870978153033
N2_ads_0.75bar,topo_error,-0.14565819289652218,-0.1201097353606722,0.01661216650422271
N2_ads_0.75bar,topo_lim,0.03994185544862584,0.03498047613661576,0.4883545663999104
N2_ads_0.75bar,topo_lvt,0.15108914604945461,0.12843364621268585,0.010350732135287246
N2_ads_0.75bar,topo_ntt,-0.001087371748677346,-0.0005761190821498576,0.9909000247971811
N2_ads_0.75bar,topo_pcu,-0.24486398372407442,-0.17851853116417063,0.00032777212559547265
N2_ads_0.75bar,topo_pto,0.010565519555371676,0.006972334881647048,0.8902135649695084
N2_ads_0.75bar,topo_pts,0.045898803516470764,0.03472982877785593,0.4914797403129464
N2_ads_0.75bar,topo_tbo,0.12898950972360934,0.09570170917157883,0.0569963683779438
N2_ads_0.75bar,topo_tsy,0.02600113637688188,0.02164174659523837,0.6682582545805
Qst_diff_CO2_N2,LCD_A,0.1594123910899377,0.014412887307919876,0.7771186129175405
Qst_diff_CO2_N2,PLD_A,0.2736127754120204,0.03686715204940593,0.4687598943373489
Qst_diff_CO2_N2,LFPD_A,-0.09244266248916433,-0.010891552523780547,0.83062043232835
Qst_diff_CO2_N2,LCD_PLD_ratio,0.347017352328054,0.08843608343405528,0.0812511451196474
Qst_diff_CO2_N2,pore_vol_cm3_g,-0.11678516895299207,-0.06840577390111643,0.17814591467130894
Qst_diff_CO2_N2,ASA_m2_cm3,0.3047925466621839,0.08659537089763009,0.08783873382399793
Qst_diff_CO2_N2,ASA_m2_g,-0.4632117928550734,-0.09397264653310124,0.06380299048409577
Qst_diff_CO2_N2,NASA_m2_cm3,-0.6057597378235848,-0.06357121364302058,0.2109605304215494
Qst_diff_CO2_N2,NASA_m2_g,0.8186582094853245,0.07839477016199631,0.12253308414008877
Qst_diff_CO2_N2,void_fraction,-0.6725858463295453,-0.12049282095811815,0.017152542610590345
Qst_diff_CO2_N2,accessible_pore_vol,0.007920330356556024,0.0063066380227490195,0.90142996105573
Qst_diff_CO2_N2,has_oms,0.011932527650063564,0.009524000254131377,0.8516252379327354
Qst_diff_CO2_N2,density_g_cm3,-0.1167851689529906,-0.06840577390111545,0.17814591467131527
Qst_diff_CO2_N2,uc_volume_A3,-0.13690007665093804,-0.05776148366579476,0.25586805140927543
Qst_diff_CO2_N2,C_mass_frac,0.1240031885082622,0.08037958568368216,0.1132909999501411
Qst_diff_CO2_N2,N_mass_frac,0.04427577494083522,0.017842413531653695,0.7259991199880261
Qst_diff_CO2_N2,O_mass_frac,-0.18839374382117044,-0.07976204096469146,0.11610619725562134
Qst_diff_CO2_N2,catenation,0.23588422940376835,0.1905883382771622,0.00013768711062235348
Qst_diff_CO2_N2,O_coord_ratio,0.2395967008764654,0.07528391016027208,0.13818104913342052
Qst_diff_CO2_N2,shortest_MM_dist,-0.07445036470499766,-0.05192152617439857,0.3072484918611527
Qst_diff_CO2_N2,ligand_MW,-0.15055086813490204,-0.007928259976519565,0.8762665660944058
Qst_diff_CO2_N2,ligand_LogP,0.068549686985758,0.017752907907352535,0.7273190927448312
Qst_diff_CO2_N2,ligand_n_heavy,-0.008763836790738222,-0.0004073655925649345,0.9936169608212517
Qst_diff_CO2_N2,ligand_n_aromatic_rings,0.3197063392445189,0.07640682103980889,0.13236528929967067
Qst_diff_CO2_N2,ligand_n_carboxylate,-0.1047791597635001,-0.03581288970082478,0.48158610885403086
Qst_diff_CO2_N2,ligand_n_N_hetero,0.08264582710374341,0.04292190919864728,0.39884576479592937
Qst_diff_CO2_N2,ligand_n_halogen,0.09972828395626898,0.06923488405297021,0.1729194769422233
Qst_diff_CO2_N2,ligand_n_amino,-0.059864167660608356,-0.016445916218715006,0.7466834582283046
Qst_diff_CO2_N2,ligand_TPSA,-0.007165673051585886,-0.001175587063750356,0.9815810750771428
Qst_diff_CO2_N2,metal_Cu,-0.08195965038322714,-0.040685290090351246,0.42391520182252407
Qst_diff_CO2_N2,metal_Mn,0.0092972611917757,0.00693666327860452,0.8916404972390872
Qst_diff_CO2_N2,metal_Ni,-0.10727925857723172,-0.08336995346238221,0.10040660543335778
Qst_diff_CO2_N2,metal_Other,-0.013467190114815598,-0.005964717940046828,0.9067491172794411
Qst_diff_CO2_N2,metal_Zn,0.1020404852575969,0.05633069827517108,0.2678714690990636
Qst_diff_CO2_N2,metal_Zr,-0.026428614365964206,-0.01475364206116679,0.7719922348417347
Qst_diff_CO2_N2,topo_dia,0.18347025005002038,0.15596226008042527,0.0019325949729210865
Qst_diff_CO2_N2,topo_error,-0.10634337256995682,-0.08829369012401525,0.08174611704358199
Qst_diff_CO2_N2,topo_lim,-0.01373236084355767,-0.012039518513657185,0.8130799511881357
Qst_diff_CO2_N2,topo_lvt,0.0654268119513043,0.05637365968145193,0.2675055487097421
Qst_diff_CO2_N2,topo_ntt,0.10461758143733153,0.05526372286464241,0.2770689457086513
Qst_diff_CO2_N2,topo_pcu,-0.054111321123033955,-0.040693858885743346,0.42381744498783336
Qst_diff_CO2_N2,topo_pto,0.035112874101889305,0.023160457629791836,0.6491410175694023
Qst_diff_CO2_N2,topo_pts,0.14561583950885812,0.10902611315814627,0.03125916374296558
Qst_diff_CO2_N2,topo_tbo,0.06165472075732409,0.04606940822649848,0.3651066143532439
Qst_diff_CO2_N2,topo_tsy,0.1083955039697049,0.0895541179060108,0.0774481221577385
