MOF_name,Inorganic_SBU,Organic_Ligand_SMILES,Topology,VSA_Score,TSA_Score,CO2_ads_0.15bar,CO2_ads_1bar,Selectivity,Qst_kJ_mol,PE_VSA,CO2_TSA_regen_heat,PLD_LCD,Key_Rules_Satisfied
"    AMOFAK_clean
Name: 91, dtype: object",Metal Node SBU,Linker SMILES,pcu,70.4,60.0,0.27 mol/kg,1.89 mol/kg,5.0,15.0 kJ/mol,21.7 kJ/mol,322.9 kJ/mol,6.73 / 8.39 Å,"PLD in 3.3-5.2 Å window, balanced OMS & Qst, high volumetric density"
"    ALULAV_clean
Name: 80, dtype: object",Metal Node SBU,Linker SMILES,pcu,69.4,60.0,0.21 mol/kg,1.55 mol/kg,4.5,14.4 kJ/mol,22.8 kJ/mol,411.1 kJ/mol,6.74 / 8.53 Å,"PLD in 3.3-5.2 Å window, balanced OMS & Qst, high volumetric density"
"    ALUKIC_clean
Name: 77, dtype: object",Metal Node SBU,Linker SMILES,pcu,69.3,60.0,0.21 mol/kg,1.54 mol/kg,4.4,14.3 kJ/mol,23.1 kJ/mol,415.2 kJ/mol,6.77 / 8.54 Å,"PLD in 3.3-5.2 Å window, balanced OMS & Qst, high volumetric density"
"    ALUKUO_clean
Name: 79, dtype: object",Metal Node SBU,Linker SMILES,pcu,69.3,60.0,0.21 mol/kg,1.53 mol/kg,4.4,14.4 kJ/mol,23.1 kJ/mol,420.1 kJ/mol,6.78 / 8.55 Å,"PLD in 3.3-5.2 Å window, balanced OMS & Qst, high volumetric density"
"    ALUKOI_clean
Name: 78, dtype: object",Metal Node SBU,Linker SMILES,pcu,69.3,60.0,0.21 mol/kg,1.51 mol/kg,4.4,14.3 kJ/mol,23.1 kJ/mol,424.3 kJ/mol,6.77 / 8.55 Å,"PLD in 3.3-5.2 Å window, balanced OMS & Qst, high volumetric density"
"    AMODUC_clean
Name: 90, dtype: object",Metal Node SBU,Linker SMILES,pcu,70.5,60.0,0.27 mol/kg,1.94 mol/kg,5.1,15.3 kJ/mol,21.6 kJ/mol,318.5 kJ/mol,6.70 / 8.56 Å,"PLD in 3.3-5.2 Å window, balanced OMS & Qst, high volumetric density"
"    AWUPAL_clean
Name: 193, dtype: object",Metal Node SBU,Linker SMILES,pcu,68.5,60.0,0.22 mol/kg,1.46 mol/kg,3.9,13.8 kJ/mol,24.4 kJ/mol,411.2 kJ/mol,9.24 / 18.42 Å,"PLD in 3.3-5.2 Å window, balanced OMS & Qst, high volumetric density"
"    AVAKEP_clean
Name: 163, dtype: object",Metal Node SBU,Linker SMILES,pcu,67.8,60.0,0.22 mol/kg,1.50 mol/kg,3.6,14.3 kJ/mol,25.7 kJ/mol,412.1 kJ/mol,12.49 / 25.18 Å,"PLD in 3.3-5.2 Å window, balanced OMS & Qst, high volumetric density"
