MOF_id,MOF_name,VSA_Score,TSA_Score,CO2_VSA_capacity,CO2_TSA_capacity,CO2N2_actual_selectivity,PE_VSA_parasitic_energy,CO2_TSA_regen_heat,N2_ads_0.75bar,VSA_Rank,TSA_Rank
36,AFITEP_clean,85.00432968292334,85.49940024024039,3.0756375447,3.0186809318,21.6,16.216,52.81,0.7933,1,1
232,BARZUR_clean,75.41146983623325,74.47510039850204,2.4056056263,2.3119083069,20.1,15.814,55.56,0.649,2,2
134,AROFAP_clean,65.79154902818229,65.16726017621868,2.0568691689,1.9821577485000001,18.2,16.26,61.22,0.6233,3,3
179,AVETAY_clean,65.42614246865874,64.66957318420008,2.0146668848,1.9386470634000001,21.5,15.635,60.84,0.5086,4,4
25,ADAXEK_clean,64.93216535181918,64.66032480554969,2.0018961903,1.9421644239,21.2,16.034,63.0,0.5271,5,5
12,ACOGAB_clean,64.54561095521463,64.10392501257319,1.9986606161,1.9322994573,19.5,16.086,62.3,0.5624,6,6
13,ACOGEF_clean,60.097073340119636,59.81743593181063,1.8394716972999998,1.7807563922999998,19.5,16.083,65.21,0.5158,7,7
177,AVESOL_clean,58.9591898257876,57.627855164222076,1.8146063279,1.7191345135,17.3,15.93,63.16,0.5651,8,8
108,APACAX_clean,58.19618195460754,57.32353533826632,1.7652624424,1.6878035284,20.4,15.639,65.06,0.4655,9,9
66,AKEDIF_clean,53.59479067008481,52.61561104694922,1.6462371743000002,1.5623565616000001,14.9,16.416,67.01,0.5964,10,11
183,AVIMOI_clean,53.02747875941966,52.95078365261101,1.6011132537,1.5506171843,18.1,16.379,70.83,0.4942,11,10
224,BAKJII_clean,52.61056319054761,51.469098282338734,1.5891930399999998,1.5021250627999998,17.3,15.848,68.12,0.4927,12,12
117,APEBEE_clean,51.35928005857193,51.38181719856899,1.5365623509000002,1.4904492667000002,18.7,16.245,72.56,0.4514,13,13
67,AKUKUO_clean,50.67121641980903,50.57709062032605,1.5028252327,1.4538419235,20.2,16.08,73.85,0.4121,14,14
243,BEPBAB_clean,49.74590393864186,49.65508324940022,1.4869117159,1.4365819234,17.9,16.425,73.92,0.4702,15,15
118,AQEGUY_clean,47.61855222855608,47.50490906907489,1.4163622271,1.3652238917,17.0,16.446,75.9,0.4605,16,16
26,ADAXIO_clean,47.46059168654714,47.00661823993159,1.4046904201000001,1.3423717311,17.6,16.156,75.71,0.4335,17,17
31,ADODUU_clean,46.50371075827194,45.95113460197013,1.372081413,1.3064006046,17.5,16.283,77.54,0.4326,18,20
132,ARAFOP_clean,46.4141207951337,46.11626497266336,1.3312230665,1.2776791983,23.0,15.425,77.92,0.3122,19,19
215,AZAVUU_clean,46.401717320438635,46.120123274537,1.3801560398000001,1.3227070945000001,16.1,16.506,76.65,0.4724,20,18
110,APAYIB_clean,46.22521970517916,45.44075482929407,1.3826928909,1.3070117882,15.0,16.426,75.31,0.4987,21,21
30,ADODOO_clean,45.27553762989924,44.86212098661496,1.3281000405,1.2673404709,17.4,16.241,78.73,0.4189,22,22
49,AFUKET_clean,43.87885925914692,43.99394944659957,1.3166361169,1.2704029922,13.8,17.217,78.28,0.5562,23,23
111,APAYOH_clean,43.61388803304546,42.99069779205685,1.2960980228,1.2254645895,14.3,16.574,78.35,0.4923,24,24
89,ALURAB_clean,43.080074044855074,42.890292624880566,1.2260056047,1.1754115563,20.0,15.701,82.01,0.3284,25,25
29,ADODII_clean,42.51902827274746,42.190161627762365,1.2282867531000001,1.1707056102000002,17.2,16.152,82.22,0.3889,26,26
186,AVITUU_clean,41.852005411408946,42.073925644810856,1.1992370597,1.1619581853999998,17.7,16.34,84.64,0.368,27,27
7,ABUWOJ_clean,40.39956222293776,40.184647676743566,1.1438399382,1.0910533048,17.7,15.938,85.45,0.3486,28,29
214,AZAFIS_clean,40.1782774096014,40.286762976569236,1.1048125997,1.0672016396,21.7,15.797,89.26,0.2814,29,28
46,AFOYAW_clean,39.944667415068565,39.523071908053936,1.1374059868,1.0760860076,16.5,15.944,84.87,0.37,30,30
233,BASJUB_clean,39.66547504840051,39.30731086872801,1.1451665554,1.0845799963,14.8,16.421,85.21,0.4173,31,31
216,AZAWAB_clean,39.570366671060185,39.267714424570244,1.1333744389,1.075611402,15.6,16.349,86.36,0.3942,32,32
151,ASOSUY_clean,39.4808266030987,38.669494487324066,1.1537487895,1.0756494543000001,13.5,16.62,84.63,0.4627,33,34
112,APAYUN_clean,39.33758663008999,38.71990161434478,1.1420653914,1.071359803,14.0,16.496,85.05,0.4399,34,33
113,APAZAU_clean,38.69111570527268,38.10487447078769,1.1332059625,1.0622460853,12.8,16.832,85.51,0.4774,35,36
169,ATUXIY_clean,38.012869209601234,37.97289914876457,1.0599491568,1.0133819418,16.9,16.133,90.5,0.3381,36,37
61,AJAKON_clean,37.76574443737812,37.94999482821421,1.0251410175,0.9897934517,19.6,15.939,93.56,0.2834,37,38
114,APAZEY_clean,37.03994402686484,36.515727945224626,1.072945271,1.0039443409000002,12.7,16.855,88.96,0.4563,38,41
116,APAZOI_clean,36.90317714894017,36.606821067283875,1.0479081077999999,0.9889847111999999,14.2,16.528,90.61,0.3994,39,40
42,AFOVAT_clean,36.83459251450595,37.18560832178813,1.0439464061,1.0089332193999998,14.5,17.011,92.71,0.4004,40,39
200,AWEVIJ_clean,36.505190291241895,38.4251214293388,1.0144841224999999,1.0389730214,16.2,17.133,93.56,0.3651,41,35
170,ATUZEW_clean,36.42968875011531,36.21333328546415,1.0290922804,0.9733534264999999,14.5,16.875,93.73,0.4,42,45
125,AQOTIK_clean,36.364842671994246,36.26877618304006,1.0059736702000002,0.9566106502,15.9,16.206,93.52,0.3401,43,44
210,AXUBOL_clean,36.09234270515647,35.810572176549805,1.0230450667,0.9640550532999999,13.7,16.606,91.95,0.4034,44,48
178,AVESUR_clean,36.080083286389346,35.62909643438061,1.0074578751,0.9435933079000001,14.8,16.185,92.6,0.3645,45,49
188,AVIVEG_clean,35.96423406078504,36.28038273133004,0.9903895669,0.9566487494,16.0,16.558,95.82,0.338,46,43
187,AVIVAC_clean,35.94082069931975,36.301177897549834,0.9867561324999999,0.9549358669,16.2,16.447,95.51,0.3311,47,42
90,AMAFOK_clean,35.17729870488077,34.975050864831864,0.9567672289,0.9039875143,16.2,16.366,98.63,0.3248,48,50
213,AYUJIP_clean,34.90842916320598,36.21105007418336,0.9098754318,0.9198172122999999,19.8,16.541,102.13,0.2634,49,46
32,ADOGEH_clean,34.463830935094414,35.968151270281766,1.0025233296,1.0031028527999999,12.1,18.749,94.22,0.5569,50,47
40,AFOTOF_clean,34.3116652403789,34.707643385596434,0.9615854929999998,0.9270992481999999,13.3,17.204,97.53,0.4005,51,51
44,AFOVIB_clean,34.28555801178314,34.65605655646858,0.9620149034,0.9264520326,13.2,17.251,97.71,0.4034,52,52
191,AVIVUW_clean,34.06361745613889,34.42347119160516,0.9234762904,0.891115772,15.2,16.631,100.17,0.3307,53,53
80,ALUJEX_clean,33.965911241775935,34.02709481533467,0.9029970926,0.8610676362,16.4,16.164,101.43,0.2964,54,57
189,AVIVIK_clean,33.80397423133913,34.08247188114419,0.9195758526,0.8834632316,14.7,16.704,100.51,0.3403,55,56
45,AFOVOH_clean,33.793132250429025,34.12798132137455,0.945288297,0.9082732948000001,13.0,17.292,99.09,0.401,56,54
41,AFOTUL_clean,33.763511627865554,34.08453939453222,0.9422029109,0.9049064917,13.1,17.227,99.23,0.395,57,55
154,ASUBIB_clean,33.3371115296233,33.199739441777936,0.8908886789,0.8399853627,15.3,16.266,102.44,0.3132,58,59
43,AFOVEX_clean,33.33319471213632,33.57475787242974,0.9295356271999999,0.8889112163999999,12.8,17.28,100.28,0.3978,59,58
226,BAKYOE_clean,33.30341409302802,32.887592818037604,0.9204089511,0.8557443073000001,13.1,16.489,98.84,0.3736,60,61
152,ASOVEL_clean,33.14103295891091,33.0478394427859,0.8918206016,0.8417232481,14.6,16.342,101.88,0.3258,61,60
91,AMAGAX_clean,32.74880351278965,32.56891913489523,0.8627263632000001,0.8107440057,15.6,16.277,105.64,0.2999,62,65
81,ALUJIB_clean,32.70099074462624,32.6716709902999,0.8547479405,0.8093288533,16.0,16.197,105.91,0.2877,63,63
11,ACODON_clean,32.62895209917701,32.49876810332914,0.8879331158999999,0.8347298142999999,13.5,16.627,102.25,0.354,64,66
217,AZEBUE_clean,32.4955373617725,32.613654846795384,0.8419489175999999,0.8029903356999999,16.4,16.33,107.76,0.2809,65,64
142,ASEKAM_clean,32.464425694011005,32.7662637268995,0.8375965816,0.8063603581,16.6,16.363,108.04,0.2743,66,62
115,APAZIC_clean,32.32312132955147,31.974182059841883,0.90599616,0.8414840598,11.7,17.064,100.47,0.4179,67,68
162,ATEZEG_clean,32.11444565238456,31.69753201481567,0.9039287785,0.8362370175,11.3,17.066,100.2,0.427,68,70
199,AWEJIW_clean,31.95904368381659,32.03175557427747,0.8459095617000001,0.8024302069,14.6,16.794,107.94,0.322,69,67
155,ASUWUI_clean,31.548738997695846,31.885584510341687,0.7826626674999999,0.7555260444999999,17.7,16.2,113.61,0.241,70,69
223,BAKJEE_clean,31.54000579592033,31.118505823550603,0.8770322864,0.809405943,11.5,16.925,102.28,0.4074,71,73
140,ASADAA_clean,31.10132634017706,31.173750753366885,0.7714543736,0.7326474084,16.9,16.0,114.19,0.2449,72,72
190,AVIVOQ_clean,30.98308121832148,31.27931920951031,0.8322188477,0.7945744695,12.8,17.066,107.6,0.3533,73,71
185,AVIPOL_clean,30.796978193072793,30.486158642596006,0.8312067636,0.7692292287,12.3,16.647,106.57,0.3608,74,75
160,ATEYUV_clean,30.739304754679814,30.2587480980811,0.8612237255,0.7898092267000001,10.7,17.337,104.64,0.433,75,77
82,ALUJOH_clean,30.48007261605388,30.51040943490116,0.7608384204,0.7187636031,15.7,16.181,115.47,0.2608,76,74
184,AVIPAX_clean,30.32228864238809,30.18468399348666,0.8225760869,0.7662945908,11.8,17.098,108.43,0.3779,77,78
136,ARUYES_clean,30.316031332159778,30.383307541765465,0.7581978439,0.7172010977000001,15.4,16.227,115.48,0.2656,78,76
92,AMILOY_clean,29.56140099643565,30.029444627456314,0.769737675,0.7399750112000001,13.2,17.488,115.75,0.3384,79,79
131,ARAFIJ_clean,29.250151067170943,29.073091305459165,0.7606236154,0.7046319412,12.5,16.639,114.66,0.3253,80,81
122,AQOLUP_clean,29.143841497693852,29.05690651287921,0.7566807123,0.7044308265000001,12.5,16.907,116.6,0.3249,81,82
219,AZIXUD_clean,29.07601347289443,29.00702181393927,0.7454974707,0.6947929498000001,12.9,16.661,116.96,0.3105,82,85
129,ARADEE_clean,28.99753418417684,28.81317602489174,0.7469873309999999,0.6910356937,12.6,16.555,116.19,0.3162,83,86
94,AMIMAL_clean,28.59659148230087,29.048621556092424,0.7345875848,0.7040697577999999,12.8,17.656,120.44,0.3338,84,84
65,AJOXAA_clean,28.55268289941899,28.536603224731355,0.6885492977000001,0.6441953631,14.6,16.304,125.06,0.2535,85,88
95,AMIMEP_clean,28.540884551915006,29.0564267719825,0.7274813057,0.700177763,13.1,17.671,121.33,0.3281,86,83
35,AFEJOK_ion_b,28.422282155026007,28.395698226465438,0.7324118383,0.6818987542,12.1,16.859,118.25,0.3253,87,89
153,ASOYOY_clean,28.347858986524045,28.31466648189023,0.7324234731,0.6813856498,12.0,17.096,119.49,0.331,88,90
93,AMILUE_clean,28.23879593112577,28.721803991320545,0.7175390686,0.688729668,12.9,17.71,122.72,0.3282,89,87
27,ADOCEC_clean,28.059745034621454,28.18409065151824,0.6083884602999999,0.5779957708,17.8,15.911,138.22,0.1847,90,91
159,ATEYOP_clean,27.81865586015227,27.484333706726964,0.7546268032,0.6868884646,10.0,17.52,116.08,0.4036,91,95
103,ANOMOG_clean,27.773716218086435,28.00312709632715,0.7163721831,0.6751003534,11.6,17.409,121.29,0.3375,92,93
133,ARAGOR_clean,27.657296832677723,27.590862208863005,0.675071954,0.6259428958,13.1,16.555,126.85,0.2776,93,94
225,BAKJOO_clean,27.433901526320327,27.391095994215785,0.6956275558999999,0.644036945,11.7,16.917,123.24,0.319,94,97
201,AWOFOI_clean,27.287782745008204,27.301185099341495,0.6545944334,0.6095477799000001,13.2,16.538,129.75,0.2667,95,98
109,APARAM_clean,27.269982513261958,29.20434981891407,0.7440093335,0.761867747,10.1,19.558,117.66,0.4456,96,80
181,AVIHOE_clean,27.14748693906281,27.19059993778391,0.6362093602,0.5940719118,13.7,16.422,132.85,0.2486,97,99
211,AXUHEH_clean,27.138863092868903,28.060996378260388,0.6737708319,0.6633624738,12.5,17.88,126.79,0.3158,98,92
123,AQOMEA01_clean,27.032995023479415,27.05462780092026,0.6739441468999999,0.6257727952,11.8,17.017,127.4,0.3049,99,100
37,AFITUF_clean,26.865585366290773,27.020243001102116,0.5971626994,0.5637332146,14.9,16.372,140.39,0.2162,100,101
8,ACAJIZ_clean,26.699317312078463,26.908894962704093,0.5878304264,0.5573681998000001,14.9,16.373,141.81,0.2121,101,102
62,AJAYIT_clean,26.693273060519974,27.46862443554732,0.5625215714,0.5625215714,15.8,16.105,141.92,0.1775,102,96
180,AVIHIY_clean,26.42903524601028,26.49468233431314,0.6058800444,0.5650194130999999,13.4,16.474,138.17,0.2428,103,104
78,ALOLOD_charged,26.340618576843916,26.5547682012452,0.6265449069000001,0.5890685731,12.4,17.043,135.17,0.2729,104,103
157,ATAYAX_clean,26.32911759536848,26.31466783997565,0.6729752217999999,0.6199234587,10.6,17.465,127.55,0.3437,105,109
163,ATEZIK_clean,26.3150520548264,26.11768819151445,0.6907822561,0.6282342572,9.9,17.574,124.78,0.3746,106,110
158,ATAYEB_clean,26.285582332570407,26.31737002775627,0.667212913,0.6165347952,10.7,17.375,128.06,0.335,107,108
240,BAZJIX_clean,26.241575152640973,26.106410843774775,0.6595695811,0.6026279409,10.9,17.183,129.69,0.3256,108,111
4,ABEXEN_clean,26.228089344628312,26.44882299003538,0.6498939308,0.6090176586,11.3,17.467,131.54,0.3122,109,107
1,ABAYIO_clean,26.11608515104843,26.466471490407724,0.6161414841,0.5847294771,12.6,17.436,137.89,0.2777,110,106
2,ABAYOU_clean,26.112835384997833,26.492045742619645,0.6208325566999999,0.5899801158,12.4,17.49,136.84,0.2838,111,105
239,BAZJET_clean,25.63564704702169,25.643813895251675,0.6211635531999999,0.5718065140999999,11.2,17.088,135.72,0.2982,112,112
193,AVUCEA_clean,25.3279868420725,25.321778277793083,0.6102887369,0.5601206529999999,11.0,17.072,137.63,0.2965,113,113
55,AGONAM_clean,25.075455515908107,25.198052424025192,0.5658295314999999,0.5258864322,12.1,16.876,146.77,0.2506,114,114
18,ADARAA_clean,24.996967541112568,25.07962187251987,0.5797776242999999,0.5356797791,11.5,17.069,144.0,0.2724,115,115
124,AQOMEA_clean,24.927870995826474,24.99003377247043,0.5964850762999999,0.5489958919,10.8,17.336,141.13,0.2966,116,116
48,AFOYOK_clean,24.864075152875735,24.8915051995732,0.5358275992,0.4944991705,12.7,16.485,153.29,0.225,117,118
24,ADATOQ_clean,24.80324363624757,24.949529455946546,0.5868371685,0.5435956215,10.9,17.312,142.42,0.2891,118,117
102,ANAWOD_clean,24.626053190914195,24.713964517927288,0.5373818856,0.49736902549999995,12.2,16.781,153.34,0.2363,119,119
208,AXIPEE_clean,24.59670965499418,24.698106010834373,0.46822586120000004,0.43907562080000007,14.6,16.171,171.29,0.1717,120,120
143,ASINAT_clean,24.3629996169182,24.464925814087348,0.596898637,0.5480329748999999,9.9,17.741,140.92,0.3255,121,121
50,AFUKIX_clean,24.216329200204925,24.25664398182878,0.5811889358000001,0.5309412167,10.1,17.54,144.28,0.3084,122,123
130,ARAFEF_clean,24.20177397340485,24.18437207656783,0.5729537645,0.5211333709,10.3,17.295,145.6,0.2975,123,126
120,AQEQIW_clean,24.173059917321336,24.215433306208887,0.5818964641,0.531376961,10.0,17.458,143.3,0.3115,124,124
75,ALOLET_charged,23.927973299773907,24.36174156281158,0.5244184685000001,0.49833961090000006,11.4,17.548,156.0,0.2504,125,122
38,AFIXAO_clean,23.900876901414566,24.197429736421633,0.5098150282,0.4795523648,11.8,17.337,160.7,0.2359,126,125
39,AFIXES_clean,23.82186414013962,24.164129159308363,0.5053320303,0.47746462970000003,11.8,17.379,161.53,0.2343,127,127
51,AFUPEX_clean,23.81788404445438,23.93035212845705,0.5208493696000001,0.47987902020000006,11.2,17.008,157.11,0.2488,128,129
197,AWAWUR_clean,23.606519836088598,24.010189084579377,0.5088930635,0.4818858182,11.4,17.659,160.3,0.2498,129,128
206,AXIPEE02_clean,23.565778083307713,23.651900052680123,0.4319950777,0.4021648037,13.4,16.401,184.35,0.1722,130,133
9,ACAJOF_clean,23.517158592902586,23.721019772408408,0.45137160719999997,0.4240385227,12.7,16.704,176.82,0.1892,131,130
147,ASIQIE_clean,23.4935829532689,23.70224479099103,0.4945884714,0.46026397890000004,11.4,17.16,164.6,0.2318,132,131
146,ASIQEA_clean,23.45482799290736,23.694722526957555,0.48924874040000005,0.4570129927,11.5,17.14,165.62,0.2283,133,132
135,AROFET_clean,23.436968155408906,23.571235770134816,0.5428663316000001,0.49758268710000003,10.0,17.619,152.48,0.2927,134,135
207,AXIPEE03_clean,23.431814232079624,23.49334783846253,0.4253322034,0.3945701051,13.3,16.393,187.22,0.1706,135,136
174,AVELUJ_clean,23.376906141090934,23.577130321263574,0.544989251,0.5020457091,9.8,17.622,151.12,0.2959,136,134
104,ANOMUM_clean,23.255970223624438,23.303043124035092,0.5659205758,0.5127178919000001,9.1,17.862,147.1,0.3323,137,138
165,ATIXAE_clean,23.20634879983519,23.356840945277447,0.4913376436,0.4530452064,11.0,17.193,165.73,0.24,138,137
175,AVEMAQ_clean,23.133503291730655,23.301781139527616,0.5234043392000001,0.48075615470000005,10.0,17.519,156.79,0.2788,139,139
101,ANAWIX_clean,23.07998464466057,23.195233829358735,0.4507711165,0.4163997525,11.9,16.912,178.71,0.2046,140,140
242,BELJIL_clean,23.031598901407925,23.158090045486365,0.3991907,0.3741064841,13.2,16.548,197.22,0.1613,141,141
139,ASACON_clean,22.947120659711935,23.072959256497715,0.4085008835,0.3811034742,12.8,16.725,194.14,0.172,142,143
59,AGUVOO_charged,22.901240096248593,23.126214423349335,0.46729860630000003,0.4346378844,11.1,17.179,172.19,0.2252,143,142
194,AWAGEL_clean,22.88986285522885,23.035465505042943,0.46189232280000003,0.4261929267,11.2,17.001,174.23,0.22,144,144
173,AVELOD_clean,22.617756169397257,22.819543314402637,0.5087623579999999,0.4667969862,9.6,17.696,160.62,0.2821,145,145
228,BAMKOS_clean,22.55013220596892,22.74277486211292,0.4187410165,0.3906835381,11.7,16.972,189.31,0.1908,146,146
98,AMUWIP_charged,22.525362081006676,22.63665017341689,0.5172990687,0.46942404449999997,9.3,17.869,159.55,0.2984,147,147
119,AQEQES_clean,22.478599605801595,22.588152265645927,0.501403923,0.45545242030000005,9.6,17.634,163.33,0.2804,148,148
218,AZIVAI_clean,22.179855437813007,22.06794253344934,0.5785886119,0.5113043196,7.5,18.739,145.22,0.4117,149,151
203,AXIMUP_clean,22.111261603571272,22.24088585475052,0.5197958871999999,0.4699784684999999,8.7,18.189,158.98,0.3204,150,149
60,AHEQAH_clean,22.005272154887525,22.087617615564376,0.5184691753999999,0.46610080489999994,8.6,18.179,159.46,0.324,151,150
198,AWEDOW_charged,21.702660578639442,21.83024237647023,0.37302965779999997,0.34473445999999996,11.2,17.115,211.19,0.1773,152,152
227,BAMKIM_clean,21.664910304629576,21.826392483953168,0.3745273161,0.3475539054,11.1,17.13,209.46,0.1796,153,153
222,BAKGIF_manual,21.607442248438673,21.73321922732521,0.4131045691,0.3768195023,10.2,17.296,193.18,0.2157,154,154
63,AJIGIL_clean,21.603315151133973,21.713840475683437,0.3323099156,0.310548153,11.9,17.016,232.83,0.1502,155,155
14,ACOLOV_clean,21.45605543342908,21.565714643411678,0.47386011040000003,0.42594517070000004,8.8,18.005,172.51,0.2882,156,156
141,ASECUY_clean,21.41014816179864,21.495522526302494,0.35272230060000004,0.324279511,11.1,17.031,221.97,0.1702,157,158
69,ALAMUW_clean,21.378621016859974,21.54836329545727,0.4778761937,0.43158308840000004,8.7,18.396,172.15,0.2989,158,157
205,AXIPEE01_clean,21.248831920352067,21.30293819468024,0.3425406036,0.3134201022,11.0,17.002,228.45,0.1666,159,160
88,ALULID_clean,21.198910554890265,21.328659651680418,0.4413026269,0.397828239,9.1,17.872,183.54,0.2605,160,159
68,ALAHUS_clean,21.01121161481568,21.119788459731453,0.34834075519999996,0.3194771298,10.5,17.276,224.86,0.1776,161,162
156,ATAFIK_clean,20.99579015400148,21.128270544146226,0.4305732744,0.3877811928,9.0,17.837,187.38,0.2552,162,161
145,ASINIB_clean,20.800994900340015,20.98376742447854,0.45359897169999996,0.4081537835,8.4,18.402,179.76,0.2909,163,163
251,BEPPIX_clean,20.77964980264902,20.781933126581702,0.2884768176,0.2648870425,11.1,17.136,267.71,0.139,164,166
144,ASINEX_clean,20.737955654839205,20.93566786430004,0.449724182,0.4051714292,8.4,18.39,180.7,0.2892,165,164
105,ANONAT_manual,20.726118237325668,20.88857512756362,0.45957618349999996,0.4117625833,8.2,18.41,177.39,0.3015,166,165
252,BEPPOD_clean,20.664396121979443,20.731963803535717,0.294923285,0.2729459823,10.8,17.297,260.6,0.1462,167,168
161,ATEZAC_clean,20.636675326016736,20.750664428062034,0.4647113817,0.4133670914,8.0,18.517,176.62,0.3114,168,167
220,BADYAJ_clean,20.430989428419494,20.578026043694457,0.3745711365,0.33877664830000004,9.2,17.843,212.38,0.2181,169,169
176,AVEQID_clean,20.045551894196066,20.137940037273513,0.4565543729,0.4017556634,7.5,18.786,179.97,0.3267,170,170
76,ALOLIX_charged,19.72887757085171,19.87887383658568,0.3668748801,0.328018932,8.4,18.255,217.92,0.2334,171,171
10,ACIBOE_clean,19.685630234182263,19.871960146236926,0.3614430513,0.3252994445,8.4,18.209,219.5,0.2288,172,172
167,ATOWIQ_clean,19.662980956034062,19.828223690186363,0.3846207911,0.3427411715,8.1,18.433,208.94,0.2545,173,173
73,ALIXOJ_clean,19.287746326212318,19.482305148746978,0.3306246225,0.2984686081,8.3,18.375,237.99,0.2125,174,174
53,AGARUW_clean,19.280544906147608,19.114294054379748,0.1981581497,0.1783457453,9.5,17.603,384.41,0.112,175,178
34,ADUWON_clean,19.196703412545553,19.286105194258496,0.45552814909999995,0.3954609372,6.7,19.481,181.88,0.3635,176,176
168,ATOWOW_clean,19.12119260549113,19.306069202026162,0.35895724749999997,0.31927289699999994,7.8,18.601,222.42,0.2463,177,175
3,ABETIN_clean,18.96480371445559,19.160227065346554,0.4143380113,0.3640318877,7.0,19.285,197.1,0.3157,178,177
121,AQIXUV_clean,18.916822991224468,18.927536896686746,0.2349304924,0.2129149475,8.7,18.214,326.21,0.1445,179,179
212,AYOXUJ_clean,18.870120087727155,18.674124728909437,0.1662390815,0.1519158581,9.0,18.047,449.14,0.0985,180,182
47,AFOYIE_clean,18.662575012706913,18.821138300951656,0.3299636863,0.2915863941,7.6,18.778,241.82,0.2323,181,181
54,AGOFEJ_clean,18.62455408953847,18.926236446275773,0.3508286416,0.3151035036,7.4,19.249,226.91,0.2556,182,180
79,ALONEV_clean,18.49417589294985,17.893773934961718,0.0717632297,0.0652485968,8.4,18.388,1016.98,0.0456,183,187
56,AGONEQ_clean,18.36674798070997,18.52248171270943,0.3279182352,0.2877669639,7.3,18.912,243.88,0.2399,184,183
150,ASOHUL_clean,18.08042251062105,18.075449313615454,0.23409976640000002,0.2056428373,7.6,18.648,334.21,0.1642,185,185
241,BEDYEQ_clean,18.077201217923513,18.384959241905193,0.3202789513,0.28750368249999997,7.1,19.529,247.02,0.2415,186,184
71,ALEJEI_clean,17.768952844472206,18.021884138978876,0.3314663806,0.2911917154,6.7,19.626,242.0,0.2633,187,186
107,ANUGOG_clean,17.512493427342445,17.739906964523648,0.34570396449999996,0.29928048469999996,6.4,19.898,234.89,0.2902,188,188
126,AQUCOF_clean,17.44473568539093,17.403052209724923,0.1945928806,0.170990579,7.0,19.267,398.38,0.149,189,191
100,AMUXAI_clean,17.359883328723477,17.206098749010195,0.15273455219999998,0.13583473399999998,6.9,19.474,497.56,0.1184,190,193
72,ALEJIM_clean,17.32429401415398,17.60934195293808,0.32139113760000004,0.2815778848,6.4,19.977,249.27,0.269,191,189
149,ASIVEF_clean,17.277094586818844,17.4965098671021,0.3138679985,0.27198884349999997,6.4,19.929,257.13,0.2624,192,190
230,BAPDAA_clean,17.24845158993043,17.147615254249747,0.1752359428,0.1528313436,6.8,19.503,443.4,0.1388,193,194
127,AQUDAS_clean,17.247031773351424,17.20981315140785,0.19050030999999998,0.16692866439999998,6.8,19.523,407.57,0.151,194,192
195,AWAHEM_clean,17.160228166829512,16.521985044646755,0.0533255003,0.0459633866,6.1,20.19,1431.54,0.0467,195,204
245,BEPMAM_clean,17.08913335046901,17.098550233928293,0.19554208629999997,0.17206602049999997,6.6,19.732,396.57,0.1576,196,195
128,AQUDIB_clean,17.07068423884653,17.040814692908597,0.18723152040000002,0.1639670612,6.6,19.671,414.22,0.1523,197,198
244,BEPLUF_clean,16.966808527364392,16.973721628055863,0.1884785416,0.1661295767,6.5,19.929,410.03,0.1558,198,200
192,AVOSIO_charged,16.919503691025405,16.51843957404772,0.0901858346,0.079773032,6.1,20.416,834.0,0.0788,199,205
247,BEPNIV_clean,16.890641378569907,16.911896134918504,0.1912910317,0.1684276753,6.4,19.961,404.6,0.1592,200,201
17,ACUJOZ_manual,16.888409715905,17.087667044315037,0.2831890512,0.24449927389999998,6.2,20.018,283.2,0.2428,201,196
231,BAQWIC_clean,16.87935303081166,16.42249340832337,0.0829485569,0.0720218731,6.0,20.413,920.05,0.0743,202,208
229,BANMAG_clean,16.834539902236013,16.239020200396308,0.05856662490000001,0.049678889200000007,5.7,20.687,1325.06,0.0549,203,210
70,ALANAD_clean,16.750847443720243,16.99993105147121,0.30635566799999997,0.2637688917,6.0,20.237,263.11,0.2727,204,199
249,BEPNUH_clean,16.72181227655169,16.335104920083023,0.0954991415,0.0825436491,5.9,20.493,804.55,0.087,205,209
204,AXINAX01_clean,16.703769102529765,17.051626797339996,0.3057474567,0.2678874602,6.0,20.599,261.5,0.2744,206,197
234,BAWROI_clean,16.693083001981535,16.856425959979294,0.24107681120000002,0.2097068738,6.2,20.263,328.28,0.2095,207,202
28,ADODAA_charged,16.67749697483622,16.509802905080395,0.1450944741,0.1254335125,6.1,20.169,535.3,0.1272,208,206
248,BEPNOB_clean,16.592342325160566,16.558048624519238,0.1690577005,0.1480302546,6.1,20.39,457.42,0.1491,209,203
250,BEPPAP_clean,16.52159307771391,16.1178550095853,0.09033351790000001,0.07744927530000001,5.6,20.786,855.94,0.0856,210,212
246,BEPMIU_clean,16.405943918217716,16.02132345575123,0.0931925502,0.07936852159999999,5.5,20.989,835.72,0.0903,211,216
74,ALIXUP_clean,16.3975942578385,15.766454778584174,0.04018729,0.0340495244,4.9,22.239,1925.53,0.0443,212,218
99,AMUWUB_clean,16.27679392454399,16.083812452491554,0.1265096907,0.10965280910000001,5.6,20.95,610.31,0.1206,213,215
106,ANUGIA_clean,16.22370822909941,16.446812721273897,0.28497496510000003,0.241866588,5.7,20.721,285.31,0.2686,214,207
57,AGOVOJ_clean,16.128955891407294,16.215461693763856,0.21223345689999998,0.18066657939999997,5.7,20.705,376.94,0.1981,215,211
196,AWASEY_clean,15.973553199849338,15.50840649085383,0.0707759469,0.05912564359999999,4.8,22.28,1115.33,0.0789,216,222
16,ACUFEK_clean,15.86647952318548,16.09753727415447,0.26144462,0.2217772896,5.5,21.115,310.03,0.2558,217,213
20,ADASEF_clean,15.839873731139795,16.095211502197593,0.24475003090000003,0.21070147860000002,5.5,21.229,326.41,0.2392,218,214
77,ALOLIY_clean,15.64601532843159,15.052029293087333,0.029462075400000003,0.0238896572,3.7,24.943,2734.57,0.0421,219,226
209,AXUBAW_manual,15.64220434597373,15.731973142149139,0.1980910604,0.1673539409,5.3,21.271,404.43,0.1997,220,219
238,BAZGEQ_clean,15.495212202879301,15.82104022652912,0.2681962215,0.2289233869,5.2,21.548,301.08,0.2741,221,217
182,AVILEY_clean,15.317116092538773,15.167761109095434,0.12327975890000001,0.10336813,4.7,22.55,644.95,0.1409,222,225
148,ASIVAB_clean,15.2949494678087,15.546273221202043,0.2393839906,0.20227468120000003,5.1,21.746,338.07,0.2511,223,220
96,AMODUC_clean,15.286405922568472,15.535431412760808,0.2564935915,0.2145021695,5.1,21.624,318.48,0.2704,224,221
97,AMOFAK_clean,15.166619418784915,15.408281564389926,0.2536303426,0.211108753,5.0,21.695,322.95,0.2704,225,223
164,ATIJUJ_manual,15.120197233139615,14.716191775907175,0.06788487,0.0557181935,3.9,24.639,1181.57,0.0936,226,228
221,BAFHAU_clean,15.081302023123044,14.605379677286013,0.0525143843,0.042548000100000004,3.6,25.663,1541.36,0.079,227,230
21,ADATAC_clean,14.950223426285906,15.288161999618548,0.24860210900000002,0.210624157,4.9,22.31,325.95,0.2734,228,224
23,ADATIK_clean,14.554421151885084,14.748819495011217,0.18878362389999997,0.1582741158,4.5,22.998,427.26,0.2232,229,227
52,AGABIU_clean,14.4971483806531,14.077527421090567,0.061432552900000006,0.0468298565,3.2,27.166,1400.26,0.1021,230,234
86,ALULAV_clean,14.456312326779464,14.628543264107938,0.20038129589999998,0.1639204107,4.5,22.836,411.06,0.2394,231,229
85,ALUKUO_clean,14.32174125047882,14.491521399518378,0.1966832942,0.16020157899999998,4.4,23.059,420.14,0.2398,232,231
84,ALUKOI_clean,14.320949731329598,14.479497028331812,0.19522782019999999,0.15857277779999998,4.4,23.084,424.32,0.2386,233,232
83,ALUKIC_clean,14.27593321305602,14.462315096474846,0.1988421086,0.1621511424,4.4,23.137,415.25,0.2444,234,233
87,ALULEZ_clean,13.753617820689795,13.600633111756972,0.102078079,0.0799688601,3.3,26.601,825.96,0.1646,235,236
33,ADUROI_clean,13.578045844962814,13.515943452237945,0.11724834510000001,0.09229522210000002,3.4,26.348,717.52,0.1857,236,237
202,AWUPAL_clean,13.363928375006667,13.645134706713568,0.20444181120000002,0.16359869510000002,3.9,24.443,411.23,0.2808,237,235
19,ADASAB_charged,12.966707403405179,12.928504918631539,0.1153548024,0.0883797029,3.0,27.982,747.61,0.2044,238,239
236,BAZFUF_clean,12.771978014238691,12.910027250563298,0.1540818347,0.1189058609,3.3,26.566,559.32,0.2491,239,241
235,BAZFUF01_clean,12.728963017570527,12.923519726838142,0.15633111859999999,0.1230511381,3.3,26.601,540.95,0.253,240,240
172,AVAKEP_clean,12.678099476497803,13.065832718770656,0.2043395942,0.1633387492,3.6,25.691,412.15,0.307,241,238
22,ADATEG_manual,11.69939665052479,11.877250184516651,0.1430908081,0.1067581077,2.7,29.613,620.28,0.2797,242,242
171,AVAKAL_clean,11.258590934820468,11.488476448844592,0.14660286050000002,0.10835591060000001,2.6,30.603,610.87,0.3029,243,243
237,BAZGAM_clean,9.572258300244533,10.031876027681466,0.1684259679,0.1204277785,2.2,33.568,549.7,0.4031,244,244
